Date,Open,High,Low,Close,Volume
2016-01-04,29.35,29.45,28.31,29.3,1569911
2016-01-05,29.48,29.54,27.32,27.56,3932534
2016-01-06,27.07,27.92,26.73,26.8,3669946
2016-01-07,26.1,27.15,25.65,26.8,3080217
2016-01-08,27.51,29.45,27.32,27.8,7873216
2016-01-11,27.9,28.36,26.43,26.86,3166615
2016-01-12,27.12,27.64,26.02,26.41,1802831
2016-01-13,26.4,27.14,25.67,25.76,2040123
2016-01-14,25.71,27.79,25.09,27.47,3439707
2016-01-15,26.65,27.18,26.0,26.94,2458140
2016-01-19,27.26,27.32,25.71,26.22,1974730
2016-01-20,25.76,27.71,25.71,27.41,2417435
2016-01-21,27.44,27.49,26.56,26.95,1497809
2016-01-22,27.44,29.0,26.98,28.99,2853449
2016-01-25,28.76,28.83,27.92,28.09,2027244
2016-01-26,28.26,28.48,27.83,28.07,1182170
2016-01-27,27.52,28.91,27.23,27.96,2699010
2016-01-28,30.37,32.87,29.69,32.54,9064333
2016-01-29,32.58,34.95,32.43,34.72,5125438
2016-02-01,34.36,35.3,33.85,34.87,2547973
2016-02-02,34.32,34.7,33.58,34.03,1575229
2016-02-03,34.58,34.59,33.1,33.64,1604024
2016-02-04,33.48,34.14,32.92,34.04,1156504
2016-02-05,34.02,34.15,32.21,32.57,2016783
2016-02-08,32.12,32.34,31.01,31.87,1960027
2016-02-09,31.62,33.56,31.31,32.23,1434794
2016-02-10,32.58,33.11,32.11,32.15,1169819
2016-02-11,31.53,32.26,31.41,31.88,2047848
2016-02-12,31.72,32.46,30.52,32.05,2251125
2016-02-16,32.65,33.0,32.32,32.54,1400683
2016-02-17,32.59,33.18,32.18,32.51,1915631
2016-02-18,32.66,32.93,32.39,32.55,933243
2016-02-19,32.47,33.28,32.0,33.17,1720297
2016-02-22,33.76,35.0,33.5,34.49,1602029
2016-02-23,34.29,34.54,33.67,33.72,1134636
2016-02-24,33.52,34.64,33.15,34.49,963285
2016-02-25,34.47,34.95,34.1,34.92,794640
2016-02-26,35.3,36.36,34.98,35.12,1277703
2016-02-29,35.23,35.83,35.09,35.23,1159065
2016-03-01,35.51,36.26,35.01,35.96,1225787
2016-03-02,35.85,36.25,35.69,36.22,976927
2016-03-03,36.2,36.78,35.47,36.15,770443
2016-03-04,36.32,36.95,35.58,36.35,730459
2016-03-07,36.14,36.42,35.67,36.1,767540
2016-03-08,35.74,35.89,34.29,34.36,1342325
2016-03-09,34.45,35.09,33.91,33.99,991380
2016-03-10,34.15,34.45,33.53,33.78,858056
2016-03-11,34.13,34.98,33.84,34.93,859845
2016-03-14,35.23,35.29,34.54,34.8,932230
2016-03-15,35.67,35.81,34.88,34.98,747747
2016-03-16,34.8,35.38,34.61,35.25,730213
2016-03-17,34.98,35.48,34.46,35.35,765453
2016-03-18,35.53,36.03,35.2,35.9,1048349
2016-03-21,35.84,35.96,35.36,35.55,534311
2016-03-22,35.29,35.58,34.33,35.06,1690483
2016-03-23,35.09,35.28,34.52,34.58,597742
2016-03-24,34.23,34.47,33.68,34.47,552024
2016-03-28,34.71,34.95,34.32,34.58,483141
2016-03-29,34.35,35.76,34.11,35.68,681568
2016-03-30,35.9,36.79,35.9,36.33,910106
2016-03-31,36.23,36.68,36.18,36.41,947304
2016-04-01,36.12,37.39,36.12,37.16,953176
2016-04-04,37.15,37.42,36.48,36.8,570561
2016-04-05,36.55,36.85,36.04,36.18,498826
2016-04-06,36.04,36.71,35.6,36.58,590967
2016-04-07,36.44,36.78,35.84,36.1,575100
2016-04-08,36.41,36.71,35.22,35.49,1055161
2016-04-11,35.57,36.04,35.41,35.46,404791
2016-04-12,35.54,35.91,34.75,35.64,538873
2016-04-13,35.91,37.0,35.91,36.95,711553
2016-04-14,36.53,36.74,35.68,36.61,541016
2016-04-15,36.46,37.22,36.09,36.45,2041005
2016-04-18,36.09,36.47,35.61,36.05,1021325
2016-04-19,36.07,36.07,35.06,35.38,1040744
2016-04-20,35.35,35.75,34.91,35.28,764189
2016-04-21,35.36,35.6,33.99,34.22,1397316
2016-04-22,33.8,34.38,33.36,34.2,1158146
2016-04-25,34.1,34.71,33.87,33.91,1286345
2016-04-26,34.16,34.92,33.29,33.91,2515728
2016-04-27,33.13,38.48,33.08,38.11,6022228
2016-04-28,37.41,37.98,36.16,36.43,1839439
2016-04-29,36.24,36.7,35.62,36.1,1314924
2016-05-02,36.12,36.59,35.74,36.32,809798
2016-05-03,36.28,36.32,35.72,35.84,584005
2016-05-04,35.66,36.35,35.27,35.33,652303
2016-05-05,34.39,34.77,33.42,33.55,1592203
2016-05-06,33.32,33.84,32.3,32.99,1258888
2016-05-09,31.72,33.25,31.7,32.93,919714
2016-05-10,33.08,33.53,32.75,33.42,665611
2016-05-11,33.05,33.5,32.81,32.82,623593
2016-05-12,32.96,33.34,31.0,31.37,1527896
2016-05-13,31.4,32.04,31.31,31.36,710750
2016-05-16,31.7,32.43,31.39,32.03,1094627
2016-05-17,32.0,32.47,31.89,32.06,923388
2016-05-18,31.97,33.69,31.79,33.58,1242688
2016-05-19,33.34,33.9,32.73,32.76,998508
2016-05-20,33.05,33.41,32.93,33.31,614989
2016-05-23,34.0,34.82,33.85,34.25,1537394
2016-05-24,34.6,36.04,34.6,35.9,1711694
2016-05-25,36.23,36.26,35.58,35.99,912857
2016-05-26,35.99,36.9,35.84,36.51,1018088
2016-05-27,36.45,36.46,35.47,35.74,790393
2016-05-31,36.01,36.06,35.37,36.0,967119
2016-06-01,36.02,36.37,35.71,36.33,854399
2016-06-02,36.14,36.45,35.18,36.15,591248
2016-06-03,36.52,36.62,35.88,36.01,643832
2016-06-06,37.22,37.22,36.18,36.49,1080256
2016-06-07,36.5,37.1,36.4,36.99,564278
2016-06-08,37.09,37.45,36.82,37.31,716604
2016-06-09,37.15,38.14,36.7,37.87,1139081
2016-06-10,36.65,37.34,36.65,37.15,917913
2016-06-13,36.75,37.4,36.67,36.79,670029
2016-06-14,36.8,37.6,36.54,37.32,663741
2016-06-15,37.51,37.69,37.19,37.36,530051
2016-06-16,36.82,37.6,36.46,37.57,708224
2016-06-17,37.5,37.82,36.69,37.48,1166329
2016-06-20,37.85,39.14,37.83,38.34,1019637
2016-06-21,39.07,40.25,39.07,39.74,3384830
2016-06-22,39.93,40.35,39.34,39.49,1216935
2016-06-23,40.02,40.98,39.84,40.98,1131123
2016-06-24,39.16,39.94,37.64,37.77,1419868
2016-06-27,37.14,37.71,36.23,36.39,1195693
2016-06-28,37.25,38.16,37.05,37.82,1051568
2016-06-29,38.17,38.99,37.36,37.9,942168
2016-06-30,37.99,38.87,37.96,38.79,966100
2016-07-01,38.42,38.64,37.83,38.04,871475
2016-07-05,36.45,36.64,34.82,35.76,1635413
2016-07-06,35.31,35.88,35.01,35.61,999544
2016-07-07,35.83,37.05,35.83,36.96,979365
2016-07-08,37.46,41.04,37.15,38.21,1581471
2016-07-11,38.64,39.25,38.43,38.56,885688
2016-07-12,39.18,39.45,38.91,39.34,643161
2016-07-13,39.67,40.01,39.26,39.34,595150
2016-07-14,39.86,40.62,39.55,40.47,1040422
2016-07-15,40.02,40.48,39.86,40.16,585591
2016-07-18,40.48,41.21,40.09,40.36,883388
2016-07-19,40.33,40.85,40.11,40.45,575428
2016-07-20,40.5,40.7,40.16,40.42,1106941
2016-07-21,40.3,40.76,39.93,40.2,586642
2016-07-22,39.94,40.54,39.26,40.21,462949
2016-07-25,40.25,40.4,39.92,40.18,600949
2016-07-26,40.62,41.77,40.59,40.75,1492561
2016-07-27,42.05,42.88,41.12,41.77,2096412
2016-07-28,46.33,50.0,46.0,49.82,7145374
2016-07-29,49.55,49.68,47.86,48.59,2333035
2016-08-01,48.5,49.54,47.84,49.46,1470115
2016-08-02,49.22,49.3,48.09,48.57,1738877
2016-08-03,48.55,49.04,48.03,48.3,908821
2016-08-04,48.4,49.25,48.3,49.01,947769
2016-08-05,49.24,50.48,49.15,50.46,1099180
2016-08-08,50.83,51.72,50.58,50.91,1141620
2016-08-09,51.03,51.17,50.51,50.95,795285
2016-08-10,50.72,51.06,49.97,50.75,746181
2016-08-11,51.0,51.24,50.15,50.9,601622
2016-08-12,50.98,51.25,50.7,51.18,492953
2016-08-15,51.25,52.3,51.0,51.89,745329
2016-08-16,51.76,52.05,51.22,51.48,574858
2016-08-17,51.31,51.59,51.01,51.42,574666
2016-08-18,51.37,51.7,51.06,51.61,455721
2016-08-19,51.5,52.77,51.5,52.15,532715
2016-08-22,52.04,52.62,51.61,52.12,505987
2016-08-23,52.77,52.77,51.69,52.0,536708
2016-08-24,51.86,52.2,51.47,51.64,376261
2016-08-25,51.52,51.91,51.29,51.43,340375
2016-08-26,51.55,51.78,50.92,51.33,481118
2016-08-29,51.47,51.64,50.89,51.19,745369
2016-08-30,51.15,51.67,50.71,50.88,419591
2016-08-31,50.73,51.1,50.16,50.75,649497
2016-09-01,50.71,51.95,50.67,51.95,749500
2016-09-02,52.25,53.28,51.53,52.15,655764
2016-09-06,52.52,52.68,50.84,51.36,968633
2016-09-07,51.26,52.2,51.26,51.63,1209636
2016-09-08,51.82,51.82,50.22,51.55,653472
2016-09-09,50.63,51.0,48.35,48.45,1248469
2016-09-12,47.95,49.69,47.01,49.67,1518267
2016-09-13,50.3,50.94,49.04,49.18,827503
2016-09-14,49.49,51.46,48.91,51.29,1370631
2016-09-15,51.58,55.24,51.22,55.17,2873503
2016-09-16,55.5,55.68,53.26,54.82,2573485
2016-09-19,55.32,56.1,54.56,55.32,1143711
2016-09-20,56.23,58.08,55.8,55.8,2470323
2016-09-21,55.61,56.37,55.23,55.89,10718580
2016-09-22,56.39,56.71,54.95,55.22,1420682
2016-09-23,54.89,55.13,52.38,52.39,2270149
2016-09-26,52.0,52.3,50.9,51.32,1479782
2016-09-27,51.22,52.04,50.77,51.94,1392390
2016-09-28,52.17,52.54,51.37,51.83,1009196
2016-09-29,51.55,52.09,50.74,51.51,939435
2016-09-30,51.97,53.43,51.63,53.15,1378393
2016-10-03,52.9,53.74,51.71,52.18,819939
2016-10-04,52.1,52.77,52.06,52.46,727397
2016-10-05,52.54,53.89,52.5,53.41,938784
2016-10-06,53.86,54.14,53.0,54.1,690128
2016-10-07,53.91,54.23,53.33,54.06,662559
2016-10-10,54.5,56.09,54.5,55.31,1083379
2016-10-11,55.83,56.33,53.44,54.02,939937
2016-10-12,53.91,54.19,53.12,54.1,709606
2016-10-13,53.97,53.97,51.82,53.17,754117
2016-10-14,53.41,54.13,52.68,53.33,573371
2016-10-17,53.19,53.81,53.11,53.29,509313
2016-10-18,53.97,54.29,53.33,53.55,442480
2016-10-19,53.24,53.47,52.2,53.28,470149
2016-10-20,53.24,54.06,52.69,53.91,521501
2016-10-21,53.62,54.3,53.07,53.99,424919
2016-10-24,54.32,55.8,53.6,55.24,661637
2016-10-25,54.6,55.06,53.65,53.74,767776
2016-10-26,53.14,53.27,52.14,52.65,1020690
2016-10-27,53.29,53.81,51.53,51.79,1780055
2016-10-28,56.87,57.98,54.93,55.34,3687749
2016-10-31,55.65,55.65,53.85,53.98,1608631
2016-11-01,54.35,56.23,54.25,56.16,1890252
2016-11-02,55.99,56.12,54.64,54.65,1621458
2016-11-03,54.65,55.63,54.16,54.93,1000753
2016-11-04,54.65,55.89,54.31,54.77,1143204
2016-11-07,55.99,56.06,55.19,55.79,1027706
2016-11-08,55.27,56.7,54.94,56.12,746177
2016-11-09,55.9,56.71,55.02,56.24,1182971
2016-11-10,56.79,57.49,53.44,53.54,1642579
2016-11-11,53.51,55.19,53.49,54.61,1012890
2016-11-14,54.99,55.18,52.94,53.17,1146215
2016-11-15,54.0,54.02,52.01,53.59,1116524
2016-11-16,53.35,54.68,53.18,54.64,827858
2016-11-17,54.94,56.64,54.73,56.42,1101987
2016-11-18,56.5,57.87,56.2,57.79,1181369
2016-11-21,57.75,59.5,56.73,57.15,1218932
2016-11-22,57.57,57.93,56.83,57.61,850194
2016-11-23,57.49,57.89,56.42,57.75,880314
2016-11-25,57.77,58.26,56.65,57.47,475474
2016-11-28,57.47,58.23,57.15,57.55,854137
2016-11-29,57.14,57.75,56.5,57.28,909625
2016-11-30,57.48,57.48,54.98,55.0,1339595
2016-12-01,55.49,55.94,49.05,49.33,3742358
2016-12-02,49.66,51.0,49.62,50.1,1895021
2016-12-05,49.8,51.86,49.76,51.84,1296145
2016-12-06,52.47,54.78,52.47,54.43,1835386
2016-12-07,54.12,55.82,52.81,55.6,1265930
2016-12-08,55.83,58.29,55.5,58.17,1432540
2017-01-03,56.99,57.75,56.57,57.23,887108
2017-01-04,57.59,57.67,55.82,57.05,750588
2017-01-05,56.71,57.3,55.72,55.77,842353
2017-01-06,56.07,57.42,55.24,57.23,938284
2017-01-09,57.5,58.48,56.7,57.76,810245
2017-01-10,57.55,58.46,57.52,57.73,1208280
2017-01-11,57.81,58.0,57.1,57.53,675032
2017-01-12,57.35,57.4,54.57,56.11,1349475
2017-01-13,56.46,57.38,56.21,57.38,933815
2017-01-17,57.22,57.32,55.47,55.77,649954
2017-01-18,55.84,56.72,55.67,56.15,634720
2017-01-19,56.03,56.62,55.37,55.6,972640
2017-01-20,58.0,59.1,57.9,58.25,1615079
2017-01-23,58.0,58.62,57.81,58.44,856361
2017-01-24,58.56,62.29,58.56,61.74,1576279
2017-01-25,61.55,61.75,59.87,60.31,1702929
2017-01-26,60.52,60.84,59.64,60.34,1020725
2017-01-27,60.58,60.96,60.2,60.69,674104
2017-01-30,60.38,60.91,58.67,60.52,1449645
2017-01-31,60.09,60.55,58.8,60.32,1086212
2017-02-01,62.19,64.16,61.64,63.96,3536591
2017-02-02,56.64,57.45,54.35,55.0,10465210
2017-02-03,55.3,56.13,54.92,56.11,3623661
2017-02-06,56.35,56.6,55.12,55.49,1982694
2017-02-07,55.74,56.4,55.2,56.14,1848741
2017-02-08,56.33,56.6,55.54,56.11,1966448
2017-02-09,56.05,56.35,55.26,55.37,1959912
2017-02-10,55.75,55.75,53.71,54.19,2019628
2017-02-13,54.65,54.71,53.17,53.51,2101601
2017-02-14,53.5,53.78,52.81,53.36,1471547
2017-02-15,53.65,54.67,53.5,54.08,1573229
2017-02-16,54.15,54.95,54.15,54.92,1201972
2017-02-17,54.9,55.49,54.6,55.33,1088795
2017-02-21,55.53,55.97,54.96,55.17,1407938
2017-02-22,55.15,55.79,54.96,55.63,1132848
2017-02-23,55.59,55.66,54.68,55.5,1388295
2017-02-24,54.85,56.17,54.46,55.66,1429973
2017-02-27,55.6,55.71,54.8,55.69,1423302
2017-02-28,55.49,55.63,53.98,54.08,1354132
2017-03-01,53.79,54.29,52.0,54.26,1954593
2017-03-02,54.01,54.57,53.77,54.25,1601914
2017-03-03,54.33,54.33,53.27,53.65,1321196
2017-03-06,52.97,53.58,52.64,53.32,883525
2017-03-07,53.14,54.18,53.07,53.73,1243347
2017-03-08,53.7,54.38,53.61,54.33,781082
2017-03-09,54.07,54.73,53.82,54.29,804263
2017-03-10,54.56,55.26,54.32,54.76,822721
2017-03-13,54.82,55.08,53.86,54.58,1412675
2017-03-14,54.54,55.5,54.32,55.41,864811
2017-03-15,55.64,56.71,55.33,56.58,944785
2017-03-16,56.75,58.11,56.58,57.91,1670091
2017-03-17,58.07,58.6,57.74,58.43,1524761
2017-03-20,58.6,59.55,58.33,59.25,1351442
2017-03-21,59.54,59.54,58.21,58.44,1264107
2017-03-22,58.44,59.15,57.63,59.11,799343
2017-03-23,58.8,59.87,58.66,59.37,1196539
2017-03-24,59.54,60.79,59.5,60.06,1198302
2017-03-27,59.11,60.7,58.62,60.49,963966
2017-03-28,60.81,60.86,59.75,60.7,885822
2017-03-29,60.53,60.78,59.48,59.83,1063095
2017-03-30,59.84,60.71,59.65,60.66,1104011
2017-03-31,60.46,60.93,60.05,60.69,805917
2017-04-03,60.5,61.21,60.0,60.48,955151
2017-04-04,62.0,63.54,61.87,63.47,1886896
2017-04-05,63.28,63.92,62.75,62.94,1364012
2017-04-06,62.9,63.65,61.88,63.63,971717
2017-04-07,63.37,66.1,63.27,64.63,2163419
2017-04-10,65.33,65.5,64.27,64.69,1094198
2017-04-11,62.05,63.4,60.96,63.38,2746406
2017-04-12,63.24,63.82,61.84,61.91,1651369
2017-04-13,61.65,62.74,61.22,61.64,1194772
2017-04-17,61.89,62.92,61.89,62.82,698863
2017-04-18,62.68,63.01,61.81,62.96,918916
2017-04-19,63.59,63.9,62.8,63.2,640415
2017-04-20,63.42,64.3,63.0,64.19,916303
2017-04-21,64.11,64.49,63.55,63.92,788637
2017-04-24,64.91,65.3,64.46,65.05,1148469
2017-04-25,65.43,66.28,65.34,65.84,1123740
2017-04-26,65.75,65.93,64.84,65.13,844781
2017-04-27,65.81,66.05,65.32,65.63,1238882
2017-04-28,65.33,65.76,63.94,64.35,1066217
2017-05-01,64.68,65.18,63.8,65.18,1349994
2017-05-02,64.73,65.02,64.08,64.66,1037505
2017-05-03,63.0,65.06,62.58,64.42,2066659
2017-05-04,65.0,65.75,63.79,64.49,1629770
2017-05-05,64.83,64.83,62.92,63.71,1028817
2017-05-08,63.8,64.17,62.73,62.99,1014012
2017-05-09,63.3,64.07,63.13,63.54,782346
2017-05-10,63.93,64.27,63.06,64.17,1317848
2017-05-11,63.78,65.04,63.42,64.32,1173208
2017-05-12,64.0,64.71,63.7,63.98,1181973
2017-05-15,64.31,65.11,63.83,64.86,1369778
2017-05-16,65.24,67.47,65.08,67.09,1292070
2017-05-17,66.1,66.85,62.91,62.95,1377256
2017-05-18,63.0,64.42,62.1,63.55,1273669
2017-05-19,63.78,65.13,63.78,64.7,672212
2017-05-22,65.22,65.29,64.62,65.07,781879
2017-05-23,65.56,65.56,64.14,64.99,890856
2017-05-24,65.49,65.84,65.14,65.39,725158
2017-05-25,65.75,66.83,65.42,65.84,830548
2017-05-26,65.83,66.54,65.09,66.43,698793
2017-05-30,66.42,66.88,65.59,65.86,511862
2017-05-31,66.0,66.5,65.01,65.95,635850
2017-06-01,66.76,68.72,66.0,67.98,1676327
2017-06-02,68.12,68.42,67.14,67.48,1082492
2017-06-05,67.45,68.84,67.37,68.17,1059624
2017-06-06,68.0,69.59,67.57,68.85,1302250
2017-06-07,69.07,70.31,68.9,69.57,894441
2017-06-08,70.0,71.25,69.4,71.16,843548
2017-06-09,71.35,71.97,65.46,67.3,1796952
2017-06-12,65.83,65.97,62.2,64.6,2455013
2017-06-13,65.72,66.7,64.52,65.02,1060862
2017-06-14,65.13,65.27,62.97,64.1,834036
2017-06-15,62.79,63.51,62.05,62.97,935427
2017-06-16,62.8,63.94,62.12,62.61,1392957
2017-06-19,63.42,65.25,63.3,64.86,1280835
2017-06-20,64.63,64.89,63.0,63.1,948682
2017-06-21,63.36,65.07,63.36,64.89,802100
2017-06-22,64.77,65.47,64.13,64.93,692479
2017-06-23,65.01,66.4,64.97,66.01,845904
2017-06-26,66.56,66.65,64.51,65.05,953195
2017-06-27,64.92,65.09,63.65,63.78,909575
2017-06-28,64.37,65.08,63.41,64.94,613594
2017-06-29,64.43,64.86,61.8,63.28,1136951
2017-06-30,63.75,64.05,62.61,62.72,862135
2017-07-03,63.51,64.15,62.76,63.22,502060
2017-07-05,63.36,64.37,62.99,63.32,812468
2017-07-06,62.58,63.39,61.83,62.59,947284
2017-07-07,62.99,64.13,62.76,63.7,668949
2017-07-10,63.67,64.07,63.26,63.95,544002
2017-07-11,64.0,64.46,63.55,64.3,557636
2017-07-12,64.97,65.37,64.25,64.63,841571
2017-07-13,64.84,65.44,64.4,64.92,591725
2017-07-14,65.15,65.67,64.94,65.53,513103
2017-07-17,65.49,65.81,64.96,65.3,432306
2017-07-18,62.38,62.72,60.52,61.72,2758643
2017-07-19,62.0,63.76,61.63,63.67,1007524
2017-07-20,63.88,64.0,63.28,63.84,778545
2017-07-21,63.77,63.79,62.92,63.34,592033
2017-07-24,63.47,63.89,62.99,63.07,623973
2017-07-25,63.1,64.12,62.11,64.06,916620
2017-07-26,64.38,65.01,63.78,64.49,608534
2017-07-27,64.83,65.1,62.36,63.5,772203
2017-07-28,63.18,63.42,61.96,62.16,833181
2017-07-31,62.32,62.49,61.11,61.44,913932
2017-08-01,61.62,63.27,61.2,63.08,1296604
2017-08-02,66.2,66.87,63.03,63.37,2492085
2017-08-03,62.25,64.28,58.97,59.0,3144751
2017-08-04,59.75,59.75,57.28,57.45,1702504
2017-08-07,57.22,57.6,56.74,57.55,1595712
2017-08-08,57.63,57.8,56.46,56.77,1685671
2017-08-09,56.07,56.97,55.32,56.88,1908503
2017-08-10,56.4,56.85,55.23,55.46,1224474
2017-08-11,55.19,56.3,54.96,55.13,1356528
2017-08-14,55.7,56.81,55.7,56.75,1710445
2017-08-15,56.66,56.83,55.4,55.76,1223731
2017-08-16,55.9,56.3,55.53,56.07,801601
2017-08-17,55.82,56.27,54.74,54.75,810813
2017-08-18,54.7,55.24,54.34,54.63,741264
2017-08-21,54.63,54.87,53.92,54.25,805885
2017-08-22,54.69,55.04,54.15,54.93,1029598
2017-08-23,54.53,55.95,54.2,55.73,1110535
2017-08-24,55.89,55.93,54.9,55.34,632593
2017-08-25,55.58,55.79,54.91,55.33,631504
2017-08-28,55.61,55.7,55.19,55.68,395254
2017-08-29,55.04,56.16,55.04,56.05,510247
2017-08-30,56.28,57.91,56.08,57.69,936973
2017-08-31,57.9,58.18,57.59,57.98,981267
2017-09-01,58.15,59.09,58.0,58.83,879902
2017-09-05,58.55,58.79,57.12,57.9,615592
2017-09-06,58.15,58.15,56.81,56.93,615597
2017-09-07,57.07,57.21,56.01,56.5,676476
2017-09-08,56.5,56.71,55.59,55.92,597081
2017-09-11,56.44,57.59,56.4,57.33,663546
2017-09-12,57.7,57.95,56.86,57.01,846249
2017-09-13,56.99,57.0,56.07,56.82,723745
2017-09-14,56.6,57.54,56.55,57.2,511012
2017-09-15,57.31,58.38,57.18,57.85,1031534
2017-09-18,55.99,57.06,55.63,55.71,1687842
2017-09-19,56.26,57.38,56.02,56.82,988682
2017-09-20,56.95,57.08,54.51,55.12,1291317
2017-09-21,54.9,55.34,53.01,54.15,1427750
2017-09-22,53.8,54.24,53.0,53.44,1275197
2017-09-25,52.68,52.98,50.35,51.06,2459305
2017-09-26,51.88,52.59,51.32,51.35,1730723
2017-09-27,51.84,53.68,51.84,53.06,1444349
2017-09-28,53.12,53.61,52.9,53.44,599494
2017-09-29,53.41,53.69,52.5,53.32,1023165
2017-10-02,52.87,55.05,52.87,55.03,1465452
2017-10-03,55.06,55.31,53.87,54.47,957743
2017-10-04,54.34,55.19,54.25,54.77,852620
2017-10-05,54.5,55.0,53.63,54.04,954982
2017-10-06,53.77,54.79,53.66,54.3,649128
2017-10-09,54.85,54.85,54.14,54.37,531399
2017-10-10,54.77,54.8,54.13,54.61,608795
2017-10-11,54.51,55.1,54.27,55.02,520037
2017-10-12,55.02,55.16,54.45,54.56,367212
2017-10-13,54.88,54.94,54.4,54.48,447662
2017-10-16,54.86,54.98,53.56,53.82,654327
2017-10-17,53.83,54.92,53.19,54.83,703210
2017-10-18,54.74,55.53,54.42,55.4,744132
2017-10-19,54.25,54.36,52.54,53.31,1143628
2017-10-20,54.0,54.2,52.73,52.94,787294
2017-10-23,53.38,53.6,52.87,53.32,998913
2017-10-24,53.53,53.97,53.37,53.6,478076
2017-10-25,53.37,53.93,52.97,53.44,741802
2017-10-26,53.24,54.63,53.13,54.26,673228
2017-10-27,54.72,57.12,54.19,57.02,1547196
2017-10-30,57.28,58.69,56.17,56.31,1472656
2017-10-31,56.47,56.81,55.7,56.0,716687
2017-11-01,56.4,56.55,55.28,55.72,814480
2017-11-02,55.8,56.8,55.0,56.66,1630508
2017-11-03,58.8,58.8,55.31,56.42,2086030
2017-11-06,56.61,57.99,56.04,57.64,1065849
2017-11-07,57.1,57.49,55.84,56.84,841730
2017-11-08,56.67,57.63,56.61,57.54,605875
2017-11-09,57.02,57.62,56.29,57.12,880926
2017-11-10,57.19,57.55,56.43,56.69,646974
2017-11-13,56.11,56.22,55.41,55.91,780620
2017-11-14,55.61,56.0,55.17,55.72,538402
2017-11-15,55.04,55.36,53.37,54.78,1197400
2017-11-16,55.27,55.78,54.97,55.26,754458
2017-11-17,55.07,55.95,55.07,55.77,568857
2017-11-20,56.02,56.3,55.46,56.22,555201
2017-11-21,56.62,57.09,56.52,56.93,427957
2017-11-22,56.9,57.39,56.33,56.45,660449
2017-11-24,56.45,56.97,56.03,56.47,224994
2017-11-27,56.28,56.42,55.42,55.53,823309
2017-11-28,55.63,55.63,54.63,55.33,812688
2017-11-29,55.39,55.66,54.07,55.05,1005329
2017-11-30,54.5,55.39,53.85,55.24,1319394
2017-12-01,54.7,54.96,50.4,53.16,2385437
2017-12-04,53.14,53.35,50.41,51.13,1397345
2017-12-05,50.47,52.41,49.7,50.4,1083338
2017-12-06,48.97,50.37,48.61,49.71,1060845
2017-12-07,50.21,50.92,49.57,49.84,1054765
2017-12-08,50.45,51.04,49.92,49.98,874308
2018-01-02,51.94,53.32,51.91,53.23,697511
2018-01-03,53.38,54.36,53.38,54.02,826825
2018-01-04,54.39,54.61,53.44,53.86,640820
2018-01-05,54.08,54.88,53.61,53.89,770921
2018-01-08,52.67,54.02,51.89,53.72,978996
2018-01-09,53.88,53.88,52.96,53.01,631398
2018-01-10,52.73,52.92,51.35,51.47,998797
2018-01-11,51.57,52.39,51.38,52.34,781009
2018-01-12,52.21,53.36,52.21,52.84,531770
2018-01-16,53.41,54.06,52.81,53.21,1011933
2018-01-17,53.21,54.24,53.08,53.99,720200
2018-01-18,53.96,55.13,53.96,54.8,792926
2018-01-19,54.9,54.9,52.74,52.76,1217161
2018-01-22,52.65,52.74,51.33,51.6,1011379
2018-01-23,51.7,52.0,50.97,51.74,983322
2018-01-24,51.75,52.48,51.21,51.65,823210
2018-01-25,52.06,52.28,50.42,50.59,1076309
2018-01-26,51.02,51.88,50.61,51.35,901347
2018-01-29,50.68,51.42,50.52,51.22,1139363
2018-01-30,50.5,51.31,49.85,50.37,1099578
2018-01-31,50.87,51.07,49.47,49.57,562310
2018-02-01,49.8,50.95,49.37,50.75,1471720
2018-02-02,50.14,50.49,46.71,46.75,2744022
2018-02-05,46.06,46.81,44.87,44.89,2934880
2018-02-06,39.62,46.9,39.51,43.4,7554118
2018-02-07,42.91,43.54,42.05,42.12,2303364
2018-02-08,42.21,43.25,40.22,40.27,2666444
2018-02-09,40.8,42.84,40.47,42.38,2393687
2018-02-12,42.6,42.93,41.78,42.57,2055060
2018-02-13,42.25,42.62,41.47,42.15,1583041
2018-02-14,41.95,42.97,41.89,42.29,1455607
2018-02-15,42.68,42.83,41.81,42.56,1360159
2018-02-16,42.34,42.82,41.69,41.77,1055637
2018-02-20,41.73,43.99,41.7,43.83,1708001
2018-02-21,44.05,44.41,42.87,42.9,1542251
2018-02-22,42.98,43.36,42.53,42.69,923083
2018-02-23,43.1,43.36,42.64,43.3,830229
2018-02-26,43.37,44.36,43.32,44.25,920247
2018-02-27,44.45,44.8,43.65,43.66,1155613
2018-02-28,44.1,45.0,43.61,44.31,965183
2018-03-01,44.36,44.97,42.58,43.04,1051819
2018-03-02,42.54,43.75,42.21,43.6,857447
2018-03-05,43.32,44.19,43.09,43.76,750949
2018-03-06,43.89,44.43,43.49,44.17,1092176
2018-03-07,43.82,44.73,43.25,43.76,1465931
2018-03-08,43.96,44.69,43.58,44.63,1167648
2018-03-09,45.0,45.84,44.75,45.63,1025988
2018-03-12,45.93,46.18,45.04,45.14,672115
2018-03-13,45.52,46.14,44.37,44.52,837679
2018-03-14,44.67,44.67,43.22,43.35,860470
2018-03-15,43.51,43.8,43.01,43.06,686303
2018-03-16,43.58,45.6,43.57,44.79,3051018
2018-03-19,44.87,44.96,41.89,42.69,1884438
2018-03-20,42.73,43.78,42.72,43.45,929334
2018-03-21,43.55,44.54,43.28,43.4,930007
2018-03-22,43.0,43.27,42.1,42.14,1114167
2018-03-23,42.1,42.7,40.7,40.7,1128862
2018-03-26,41.63,42.04,40.85,41.81,1474552
2018-03-27,42.0,42.32,40.38,40.6,1185568
2018-03-28,40.36,40.69,39.22,39.33,1283802
2018-03-29,39.77,41.2,39.3,40.63,1252592
2018-04-02,40.66,40.86,38.46,38.55,1252835
2018-04-03,38.94,39.98,38.42,38.73,1395368
2018-04-04,37.99,39.6,37.86,39.48,1237725
2018-04-05,39.99,40.08,38.84,39.01,850685
2018-04-06,38.61,39.41,38.21,38.54,1252326
2018-04-09,38.72,39.09,37.47,37.51,1588171
2018-04-10,37.98,38.84,37.67,38.42,1388958
2018-04-11,38.25,39.02,38.15,38.61,1013645
2018-04-12,38.79,40.31,38.75,39.82,1792068
2018-04-13,40.1,40.32,39.11,39.28,890451
2018-04-16,39.76,40.05,38.88,39.52,891029
2018-04-17,39.73,40.2,39.55,39.6,786874
2018-04-18,39.68,40.03,38.93,38.98,1185509
2018-04-19,37.75,38.01,35.9,37.74,2620163
2018-04-20,37.62,37.74,36.36,36.72,1789603
2018-04-23,36.85,37.54,35.94,36.05,1547098
2018-04-24,36.18,36.78,35.06,35.47,1878721
2018-04-25,35.53,35.87,34.78,35.36,1429244
2018-04-26,35.77,36.4,35.57,36.12,1355524
2018-04-27,36.45,36.66,35.67,36.21,1375924
2018-04-30,37.25,37.53,36.2,36.47,2018407
2018-05-01,36.4,38.02,36.4,37.89,2113846
2018-05-02,38.45,39.1,38.12,38.34,2521637
2018-05-03,35.0,38.91,35.0,37.75,4232545
2018-05-04,37.54,39.41,37.08,39.29,1362406
2018-05-07,39.48,40.13,38.55,38.65,1808446
2018-05-08,38.31,39.03,38.24,38.91,1236465
2018-05-09,39.0,39.26,38.82,39.0,883263
2018-05-10,39.18,39.87,38.9,39.71,696549
2018-05-11,39.56,39.82,38.86,38.92,645831
2018-05-14,39.24,39.91,39.24,39.33,744223
2018-05-15,39.1,39.3,38.65,38.88,839312
2018-05-16,38.95,39.39,38.73,39.14,752619
2018-05-17,39.08,39.48,38.87,39.13,596606
2018-05-18,38.96,39.12,38.06,38.06,973456
2018-05-21,38.47,39.11,38.47,38.84,945795
2018-05-22,39.02,39.23,38.62,38.74,468424
2018-05-23,38.49,38.57,37.71,38.49,622643
2018-05-24,38.4,38.72,38.04,38.3,672365
2018-05-25,38.29,38.78,38.24,38.73,483115
2018-05-29,38.42,38.63,37.95,38.37,689060
2018-05-30,38.6,38.98,38.01,38.18,674199
2018-05-31,38.19,38.45,37.42,37.48,729887
2018-06-01,37.62,37.74,36.44,36.45,1671998
2018-06-04,36.5,37.36,36.07,37.36,1044569
2018-06-05,37.39,37.79,37.17,37.66,713309
2018-06-06,37.79,38.16,37.35,38.15,754853
2018-06-07,38.15,38.8,38.04,38.57,820289
2018-06-08,37.52,37.81,36.83,37.53,1697016
2018-06-11,37.63,38.2,37.21,37.91,649125
2018-06-12,38.04,38.14,37.35,37.94,566817
2018-06-13,37.95,38.79,37.78,37.99,876015
2018-06-14,38.09,38.93,37.96,38.85,1038158
2018-06-15,38.55,39.58,38.51,39.32,1474636
2018-06-18,39.0,39.05,38.08,38.29,902688
2018-06-19,37.91,38.18,37.13,37.86,800664
2018-06-20,37.95,38.33,37.55,38.14,571219
2018-06-21,38.37,38.5,37.53,37.62,542331
2018-06-22,37.84,37.92,37.41,37.6,2834286
2018-06-25,37.7,41.4,37.7,39.41,4137915
2018-06-26,39.13,39.83,38.76,39.38,1456916
2018-06-27,39.35,39.97,38.64,38.66,1336005
2018-06-28,38.52,38.89,37.96,38.78,1038840
2018-06-29,38.98,39.27,38.32,38.33,718747
2018-07-02,38.0,38.43,37.84,38.41,608187
2018-07-03,38.5,39.37,38.45,38.49,533932
2018-07-05,38.69,40.21,38.69,40.15,977235
2018-07-06,40.18,40.26,39.4,40.09,657509
2018-07-09,39.79,40.54,39.79,40.51,767377
2018-07-10,40.66,41.95,40.5,41.57,824046
2018-07-11,41.11,41.5,40.26,40.45,1274731
2018-07-12,40.56,40.84,40.18,40.71,544096
2018-07-13,40.7,40.96,40.21,40.27,690270
2018-07-16,40.26,40.45,39.51,39.69,622875
2018-07-17,39.4,40.14,39.28,40.12,575974
2018-07-18,40.37,41.05,40.07,40.97,614899
2018-07-19,40.98,41.04,40.41,40.91,727997
2018-07-20,40.84,41.2,40.23,40.52,507715
2018-07-23,40.34,41.1,39.5,40.66,879378
2018-07-24,40.99,41.4,39.79,39.92,697567
2018-07-25,39.95,42.15,39.76,41.62,1581085
2018-07-26,41.45,42.72,41.27,42.16,1128254
2018-07-27,42.41,42.5,41.11,41.16,823914
2018-07-30,41.13,42.18,40.85,41.78,951178
2018-07-31,42.08,43.4,42.08,43.26,1566155
2018-08-01,44.27,44.29,41.59,43.18,2850454
2018-08-02,41.06,41.52,39.07,40.15,3551902
2018-08-03,40.15,41.68,40.15,41.45,1694214
2018-08-06,41.58,42.88,41.5,42.72,1091446
2018-08-07,42.89,43.99,42.89,43.96,1385333
2018-08-08,44.0,44.56,43.72,44.32,1043031
2018-08-09,44.32,44.35,43.05,43.05,781811
2018-08-10,42.44,42.58,41.65,42.13,793600
2018-08-13,42.25,42.95,42.02,42.64,645704
2018-08-14,42.75,43.18,41.87,42.02,761010
2018-08-15,41.71,42.2,40.91,41.73,1078207
2018-08-16,42.07,42.56,41.72,42.14,791718
2018-08-17,41.79,43.04,41.22,42.83,912010
2018-08-20,42.88,43.26,41.93,42.87,1262436
2018-08-21,43.0,44.08,42.91,43.75,1100336
2018-08-22,43.51,44.2,43.46,44.1,668990
2018-08-23,43.94,44.47,43.5,43.7,455539
2018-08-24,43.84,44.15,43.5,44.03,493501
2018-08-27,44.07,45.01,43.73,44.8,962050
2018-08-28,45.0,45.39,44.26,44.61,806244
2018-08-29,44.58,44.58,43.84,43.97,708649
2018-08-30,43.98,44.58,43.94,44.07,582419
2018-08-31,44.12,44.51,43.6,43.95,560013
2018-09-04,43.78,43.95,42.94,43.84,776599
2018-09-05,43.79,44.39,43.34,44.3,977783
2018-09-06,44.45,44.68,43.88,44.02,654398
2018-09-07,43.82,44.41,42.86,42.99,855220
2018-09-10,42.99,43.03,41.96,42.27,747188
2018-09-11,42.18,42.18,40.79,40.94,752811
2018-09-12,40.82,41.21,39.59,41.04,1008503
2018-09-13,41.34,41.64,39.12,39.32,2049291
2018-09-14,39.33,39.94,39.01,39.71,808318
2018-09-17,39.67,39.75,38.82,38.9,948433
2018-09-18,38.98,39.25,38.72,38.99,673728
2018-09-19,38.95,39.25,38.05,38.52,1018593
2018-09-20,38.86,40.38,38.8,40.26,1207590
2018-09-21,40.22,40.82,39.76,39.82,2643274
2018-09-24,39.54,40.22,39.3,40.07,762799
2018-09-25,39.98,40.15,38.84,38.97,744179
2018-09-26,39.12,39.55,38.21,38.25,596787
2018-09-27,38.38,38.45,38.1,38.21,726861
2018-09-28,38.1,38.63,37.77,38.6,743414
2018-10-01,38.56,38.77,37.81,37.9,584857
2018-10-02,37.93,38.44,37.8,37.83,484099
2018-10-03,38.0,38.02,37.18,37.82,521208
2018-10-04,37.65,38.03,37.35,37.44,686092
2018-10-05,37.47,37.7,35.71,36.11,852942
2018-10-08,35.9,36.6,35.38,36.26,855114
2018-10-09,36.09,36.55,35.67,36.49,633286
2018-10-10,36.16,36.68,35.36,35.46,1005372
2018-10-11,35.4,35.77,34.49,34.85,1412657
2018-10-12,35.67,35.72,34.79,35.29,1062023
2018-10-15,35.11,36.26,35.03,35.55,780457
2018-10-16,35.98,37.28,35.71,37.24,668709
2018-10-17,37.45,38.15,37.0,37.61,578266
2018-10-18,37.39,37.45,36.69,37.22,640144
2018-10-19,37.15,37.86,36.89,37.07,579585
2018-10-22,37.2,37.75,37.12,37.38,447500
2018-10-23,36.3,36.93,35.89,36.67,641256
2018-10-24,36.28,36.88,34.8,34.82,955767
2018-10-25,35.19,36.06,35.13,35.85,750593
2018-10-26,35.28,35.85,34.51,35.4,691264
2018-10-29,35.96,36.79,35.35,35.91,555233
2018-10-30,35.92,37.9,35.92,37.83,565838
2018-10-31,38.18,38.23,37.38,37.44,786072
2018-11-01,37.7,40.67,37.66,40.25,1514375
2018-11-02,38.4,43.25,37.75,41.5,2772674
2018-11-05,40.25,40.32,39.17,40.05,1631617
2018-11-06,39.95,42.17,39.95,41.56,1303593
2018-11-07,41.85,42.0,41.05,41.49,1026781
2018-11-08,41.22,42.79,41.17,42.41,629013
2018-11-09,41.52,41.79,40.8,41.37,636501
2018-11-12,37.22,38.0,35.5,35.64,2959166
2018-11-13,35.98,39.27,35.98,37.54,2610936
2018-11-14,38.05,38.97,37.8,38.83,1357388
2018-11-15,38.81,40.85,38.05,40.34,1052485
2018-11-16,38.29,39.47,38.1,38.8,1478966
2018-11-19,38.33,38.51,37.07,38.02,892292
2018-11-20,37.16,38.11,37.16,37.51,773403
2018-11-21,38.26,38.71,37.78,38.33,428433
2018-11-23,38.02,39.18,38.02,38.69,173367
2018-11-26,39.19,39.19,36.93,37.43,1019077
2018-11-27,37.19,37.86,36.33,37.11,756911
2018-11-28,37.57,38.6,37.03,38.56,648823
2018-11-29,38.16,38.65,37.2,37.3,504164
2018-11-30,37.1,37.57,36.71,37.44,948610
2018-12-03,38.14,38.77,38.04,38.67,801839
2018-12-04,36.79,38.73,36.23,37.95,3070575
2018-12-06,37.13,38.22,36.93,37.98,1317406
2018-12-07,38.01,38.27,36.58,36.75,638428
2019-01-02,32.55,34.42,32.33,34.26,669284
2019-01-03,32.23,32.93,31.25,31.35,2120661
2019-01-04,32.03,32.95,31.79,32.22,932425
2019-01-07,32.35,32.74,31.66,32.14,1160226
2019-01-08,32.47,33.23,32.0,32.47,1365244
2019-01-09,33.15,34.75,32.97,33.95,1217446
2019-01-10,33.81,34.95,33.7,34.59,908134
2019-01-11,34.47,36.33,34.4,35.81,831680
2019-01-14,35.33,36.0,35.08,35.6,805474
2019-01-15,35.86,36.2,35.3,35.52,507654
2019-01-16,35.59,36.71,35.49,35.7,672280
2019-01-17,35.33,36.54,35.16,36.26,696725
2019-01-18,36.56,37.22,36.1,36.65,752358
2019-01-22,36.48,36.48,35.39,35.66,441168
2019-01-23,35.91,36.15,34.61,35.0,700904
2019-01-24,35.48,36.9,35.48,36.43,794897
2019-01-25,36.87,38.43,36.57,38.2,912139
2019-01-28,37.3,38.75,37.02,38.45,790241
2019-01-29,38.59,38.59,37.51,37.56,944451
2019-01-30,37.97,38.69,37.48,38.44,1299237
2019-01-31,36.55,38.19,35.36,37.15,2552785
2019-02-01,37.14,37.85,37.02,37.46,793389
2019-02-04,37.64,37.82,36.75,37.58,864931
2019-02-05,37.52,38.92,37.52,38.75,823594
2019-02-06,39.22,40.0,39.14,39.31,999605
2019-02-07,38.74,38.98,37.65,38.29,922686
2019-02-08,37.88,38.49,37.83,37.94,654278
2019-02-11,38.1,38.42,37.82,38.11,375864
2019-02-12,38.53,38.96,38.4,38.5,543049
2019-02-13,38.58,38.95,38.54,38.66,508611
2019-02-14,38.58,39.5,38.43,39.18,544877
2019-02-15,39.52,40.01,39.31,40.01,606550
2019-02-19,39.76,40.11,39.1,39.13,761970
2019-02-20,39.26,39.71,39.0,39.38,521754
2019-02-21,39.38,39.61,39.08,39.31,368295
2019-02-22,39.6,40.19,39.43,39.79,387398
2019-02-25,40.2,40.83,39.95,40.01,476634
2019-02-26,39.84,39.97,39.05,39.44,579615
2019-02-27,39.22,39.57,38.79,39.51,359711
2019-02-28,39.31,40.23,39.0,40.13,668109
2019-03-01,40.77,41.26,40.4,41.07,719942
2019-03-04,41.16,41.87,40.91,41.49,885925
2019-03-05,41.5,42.0,41.29,41.39,541123
2019-03-06,41.29,41.3,40.05,40.28,596161
2019-03-07,40.12,40.14,39.32,39.69,376227
2019-03-08,39.2,40.09,38.79,40.07,352270
2019-03-11,40.29,41.71,40.29,41.5,710036
2019-03-12,41.5,41.68,40.7,41.07,332974
2019-03-13,41.34,41.72,41.12,41.16,525450
2019-03-14,41.15,41.4,40.48,40.5,436612
2019-03-15,40.66,41.74,40.51,41.37,995366
2019-03-18,41.44,41.7,40.83,41.54,750162
2019-03-19,41.81,42.35,41.59,42.14,537457
2019-03-20,42.05,42.26,40.73,41.26,430900
2019-03-21,41.42,43.61,41.42,43.23,879308
2019-03-22,42.94,43.12,41.77,41.8,453244
2019-03-25,41.59,42.47,41.23,42.03,523631
2019-03-26,42.37,43.08,42.12,42.52,397307
2019-03-27,42.47,42.67,41.21,41.78,307889
2019-03-28,41.92,42.35,41.24,41.62,367569
2019-03-29,42.09,42.18,41.75,42.07,549373
2019-04-01,40.32,40.92,39.29,40.53,1297992
2019-04-02,40.65,41.27,40.38,40.95,544349
2019-04-03,41.65,42.98,41.49,42.64,842637
2019-04-04,42.62,43.5,42.33,42.8,747954
2019-04-05,42.72,43.4,42.72,43.21,492391
2019-04-08,43.09,43.5,42.67,43.41,504738
2019-04-09,43.21,43.59,42.99,43.22,309016
2019-04-10,43.18,44.07,43.17,43.99,447848
2019-04-11,44.09,44.35,43.72,43.98,391228
2019-04-12,44.32,44.81,43.97,44.72,383752
2019-04-15,44.66,44.89,44.21,44.73,364167
2019-04-16,44.99,46.34,44.94,46.22,869101
2019-04-17,46.82,47.67,46.25,46.83,501715
2019-04-18,46.61,47.24,46.34,47.18,500917
2019-04-22,47.11,47.3,46.66,46.81,285017
2019-04-23,46.87,47.4,46.64,47.14,531032
2019-04-24,47.15,48.39,47.13,48.01,610070
2019-04-25,48.09,48.15,46.57,47.4,655036
2019-04-26,46.83,47.49,46.52,47.08,509437
2019-04-29,47.05,47.58,46.8,47.22,517514
2019-04-30,47.42,47.82,47.04,47.58,695636
2019-05-01,48.17,48.6,47.53,48.1,939629
2019-05-02,48.16,49.49,46.59,49.31,1149825
2019-05-03,49.43,50.12,48.65,50.02,1166147
2019-05-06,48.5,49.8,48.26,49.71,898510
2019-05-07,49.22,49.57,48.47,49.05,741456
2019-05-08,48.9,49.6,48.69,48.98,477511
2019-05-09,48.24,48.97,47.8,48.68,581431
2019-05-10,48.43,49.36,47.59,48.55,561588
2019-05-13,47.13,47.52,44.69,44.78,1326658
2019-05-14,45.25,45.88,44.79,45.73,989037
2019-05-15,45.37,46.29,44.68,46.03,483317
2019-05-16,45.41,46.25,44.38,44.64,939512
2019-05-17,43.94,44.0,41.94,42.2,869845
2019-05-20,41.29,41.95,40.76,41.0,1247421
2019-05-21,41.65,42.34,40.92,41.0,977406
2019-05-22,40.59,41.08,40.02,40.39,513286
2019-05-23,39.72,40.0,38.92,39.35,1169365
2019-05-24,39.31,40.17,39.15,39.4,612515
2019-05-28,39.59,39.59,38.02,38.05,784507
2019-05-29,37.63,38.56,37.36,38.06,801560
2019-05-30,38.08,38.66,37.89,38.29,438037
2019-05-31,37.84,37.95,37.25,37.37,547201
2019-06-03,37.92,38.68,37.66,37.99,768003
2019-06-04,38.48,40.06,38.32,39.98,507115
2019-06-05,40.46,40.85,39.71,40.08,640687
2019-06-06,40.18,40.34,39.35,40.14,409906
2019-06-07,40.44,40.94,40.08,40.71,476305
2019-06-10,40.95,42.19,40.95,41.69,371538
2019-06-11,42.25,42.37,41.59,42.14,445379
2019-06-12,41.93,41.93,41.17,41.44,277167
2019-06-13,41.69,42.02,41.33,41.66,274971
2019-06-14,41.14,41.14,39.72,39.86,492239
2019-06-17,39.99,40.55,39.56,39.99,509454
2019-06-18,40.22,41.96,40.22,41.08,516063
2019-06-19,41.35,41.52,40.65,41.22,281656
2019-06-20,42.06,42.32,41.43,41.91,368494
2019-06-21,41.62,42.05,41.2,41.26,792870
2019-06-24,41.44,42.15,41.43,41.62,488713
2019-06-25,41.67,41.96,40.67,40.78,548365
2019-06-26,41.52,42.57,41.52,42.18,364027
2019-06-27,42.39,43.6,42.12,43.31,668035
2019-06-28,43.58,43.88,42.75,43.7,875858
2019-07-01,45.06,45.89,44.44,44.9,847292
2019-07-02,44.66,44.76,44.08,44.39,500620
2019-07-03,44.58,44.64,43.57,44.24,196689
2019-07-05,43.89,44.19,43.61,44.18,252049
2019-07-08,43.61,43.63,41.23,41.6,1491015
2019-07-09,41.57,42.7,41.57,42.67,642242
2019-07-10,43.21,43.7,42.6,42.91,308252
2019-07-11,43.07,43.17,42.07,42.71,351668
2019-07-12,42.75,43.93,42.74,43.57,367957
2019-07-15,43.77,44.04,43.57,43.87,376224
2019-07-16,43.85,44.28,43.14,44.13,463989
2019-07-17,44.49,44.49,43.65,43.92,506629
2019-07-18,43.83,45.2,43.83,44.97,589998
2019-07-19,44.98,45.7,44.98,45.39,554912
2019-07-22,45.63,46.9,45.63,46.54,641762
2019-07-23,46.95,47.21,46.65,47.15,549873
2019-07-24,47.37,49.02,47.09,48.99,525721
2019-07-25,48.62,48.82,48.04,48.4,592448
2019-07-26,48.76,48.97,48.42,48.63,566585
2019-07-29,48.49,48.89,48.34,48.87,291872
2019-07-30,48.58,49.34,48.21,49.32,774608
2019-07-31,49.37,50.01,48.67,49.05,1138227
2019-08-01,51.4,60.0,51.4,57.08,3521382
2019-08-02,56.13,56.98,55.12,55.15,1589590
2019-08-05,53.75,53.83,51.8,52.2,1772904
2019-08-06,52.74,53.81,52.16,52.65,1363290
2019-08-07,52.05,53.16,51.97,52.34,1174192
2019-08-08,52.83,54.52,52.48,54.31,1118280
2019-08-09,53.84,53.84,52.8,53.1,446711
2019-08-12,52.48,52.57,51.8,52.22,702102
2019-08-13,52.37,53.68,52.07,53.27,755677
2019-08-14,52.17,52.94,51.93,52.5,702398
2019-08-15,52.58,52.96,52.17,52.65,551580
2019-08-16,53.4,54.76,53.4,54.54,886887
2019-08-19,55.3,55.77,54.42,54.57,602327
2019-08-20,54.6,55.26,54.3,54.71,560412
2019-08-21,55.38,55.69,54.91,54.98,490825
2019-08-22,55.04,55.23,54.57,54.93,431406
2019-08-23,54.6,54.82,52.82,52.99,1038090
2019-08-26,53.83,53.97,52.83,53.03,415920
2019-08-27,53.61,53.98,52.0,52.02,459506
2019-08-28,51.75,52.64,51.05,52.44,517433
2019-08-29,53.31,53.84,53.06,53.16,499116
2019-08-30,53.68,53.91,53.19,53.64,741633
2019-09-03,52.97,53.19,52.02,52.55,434034
2019-09-04,53.19,53.99,52.91,53.22,467747
2019-09-05,54.01,55.34,53.87,54.56,459641
2019-09-06,54.71,55.25,54.13,54.78,585207
2019-09-09,55.16,55.85,54.45,54.62,754133
2019-09-10,54.61,54.71,53.88,54.68,712071
2019-09-11,54.97,56.07,54.64,55.34,615092
2019-09-12,56.5,56.65,55.2,56.2,740185
2019-09-13,56.22,56.58,55.57,55.58,533587
2019-09-16,54.98,56.32,54.53,55.72,511625
2019-09-17,55.46,55.57,54.12,54.33,612332
2019-09-18,54.74,55.33,54.07,54.85,841189
2019-09-19,55.18,55.99,54.9,54.94,389549
2019-09-20,54.85,54.96,53.37,54.46,1173782
2019-09-23,54.43,55.41,54.12,54.71,373269
2019-09-24,54.92,55.65,53.76,53.86,570218
2019-09-25,53.6,54.94,53.22,54.73,405293
2019-09-26,54.46,54.82,53.92,54.17,231077
2019-09-27,54.1,54.66,53.14,53.2,470346
2019-09-30,53.31,53.82,53.1,53.58,309340
2019-10-01,53.75,54.48,52.67,52.95,454328
2019-10-02,52.6,52.95,51.96,52.09,630359
2019-10-03,52.05,53.54,51.59,53.26,524525
2019-10-04,54.5,54.65,53.23,54.58,664298
2019-10-07,54.23,55.76,54.23,55.28,1035717
2019-10-08,54.96,54.96,52.83,52.86,636597
2019-10-09,53.49,54.0,53.17,53.77,583448
2019-10-10,53.89,54.91,53.75,54.27,447499
2019-10-11,55.32,56.62,55.1,56.11,702601
2019-10-14,55.76,55.94,55.2,55.22,493252
2019-10-15,55.3,56.24,55.08,55.32,543642
2019-10-16,55.29,55.63,54.43,54.55,595070
2019-10-17,56.62,57.29,55.88,56.44,754660
2019-10-18,56.36,56.92,55.32,56.04,379936
2019-10-21,56.6,57.9,56.6,57.5,591707
2019-10-22,57.52,57.66,55.74,56.1,587269
2019-10-23,55.74,56.13,54.97,55.36,447040
2019-10-24,56.09,56.28,55.45,55.59,542703
2019-10-25,55.62,56.72,55.4,56.09,489518
2019-10-28,56.37,57.8,56.36,57.75,568957
2019-10-29,57.71,58.24,57.15,58.03,584591
2019-10-30,58.64,58.72,57.5,58.49,1040837
2019-10-31,60.69,69.26,60.4,67.96,3449476
2019-11-01,68.76,72.52,68.18,72.43,2003571
2019-11-04,72.24,72.25,67.57,68.01,2211447
2019-11-05,67.77,70.44,67.66,70.22,1549956
2019-11-06,69.46,69.91,68.34,68.56,880380
2019-11-07,69.27,69.92,68.51,68.75,1120692
2019-11-08,68.93,71.17,68.67,71.13,627201
2019-11-11,70.17,70.97,69.77,70.74,534027
2019-11-12,70.93,72.43,70.8,71.98,821667
2019-11-13,71.21,72.14,70.29,71.95,566202
2019-11-14,71.95,72.73,71.32,72.26,567693
2019-11-15,72.97,73.5,72.5,72.71,736164
2019-11-18,72.6,72.91,72.05,72.24,505756
2019-11-19,72.35,72.64,71.76,71.79,372736
2019-11-20,71.5,72.26,69.91,70.47,639735
2019-11-21,70.51,70.72,69.37,69.64,601624
2019-11-22,70.16,70.61,69.22,69.57,345369
2019-11-25,70.0,71.85,69.58,71.44,701162
2019-11-26,71.37,72.37,70.96,72.25,882176
2019-11-27,72.45,73.14,72.28,72.81,284363
2019-11-29,72.5,72.53,71.5,71.7,257507
2019-12-02,71.72,72.0,70.6,70.86,628327
2019-12-03,69.22,70.78,68.5,70.67,733070
2019-12-04,71.5,71.93,70.87,71.29,775657
2019-12-05,71.52,72.2,71.17,72.1,650612
2019-12-06,73.24,74.42,73.15,74.12,791350
2020-01-02,83.58,85.05,82.94,85.0,605198
2020-01-03,83.15,84.85,83.0,83.66,888765
2020-01-06,82.5,83.28,81.35,82.75,491950
2020-01-07,82.81,83.74,82.26,83.53,452819
2020-01-08,83.74,85.07,83.31,84.29,477741
2020-01-09,85.44,86.65,84.81,85.34,542822
2020-01-10,85.1,85.51,83.58,84.66,600802
2020-01-13,85.37,86.07,85.01,85.88,467764
2020-01-14,85.55,85.69,83.97,84.91,399380
2020-01-15,84.92,84.99,83.31,83.44,623073
2020-01-16,84.14,84.68,83.61,84.46,467353
2020-01-17,85.19,85.19,83.95,84.11,508289
2020-01-21,84.0,84.1,82.58,82.75,1081456
2020-01-22,83.78,84.83,82.63,83.19,981078
2020-01-23,83.05,86.46,82.88,86.04,955484
2020-01-24,84.71,85.6,82.55,83.19,539599
2020-01-27,80.8,81.39,79.22,80.69,552258
2020-01-28,81.87,83.53,80.69,83.32,677069
2020-01-29,86.02,86.02,80.8,81.61,1164323
2020-01-30,87.68,91.63,82.52,83.7,2556789
2020-01-31,82.72,83.3,76.56,76.81,1710425
2020-02-03,76.84,77.83,74.67,77.19,1190892
2020-02-04,79.08,80.12,78.2,79.55,955666
2020-02-05,80.66,81.08,79.06,79.72,491104
2020-02-06,79.85,79.93,77.55,78.49,472053
2020-02-07,77.21,78.76,76.8,78.15,832587
2020-02-10,77.24,78.41,76.07,78.37,866192
2020-02-11,79.01,81.04,79.01,80.18,784179
2020-02-12,81.08,81.84,80.36,81.74,553843
2020-02-13,81.0,81.7,79.98,80.7,650932
2020-02-14,81.94,81.95,80.13,81.59,778010
2020-02-18,80.29,80.4,77.8,78.99,921814
2020-02-19,79.82,81.56,79.74,80.73,364757
2020-02-20,80.29,80.49,77.68,78.77,523830
2020-02-21,78.51,78.51,77.11,77.22,628077
2020-02-24,73.07,76.07,72.06,74.35,875037
2020-02-25,75.11,75.33,72.58,72.61,906050
2020-02-26,72.88,73.53,69.76,70.61,720688
2020-02-27,68.02,69.41,66.5,66.92,968993
2020-02-28,64.06,69.05,63.29,68.64,1180472
2020-03-02,69.39,71.31,67.07,71.15,1109775
2020-03-03,71.65,72.5,68.02,68.65,634691
2020-03-04,70.52,71.87,69.18,71.74,725045
2020-03-05,69.42,71.52,69.42,70.75,707120
2020-03-06,68.5,70.18,67.17,68.61,676333
2020-03-09,63.62,66.99,62.46,62.72,861205
2020-03-10,64.91,67.35,63.48,67.2,757364
2020-03-11,64.94,65.32,62.01,62.76,976044
2020-03-12,58.64,60.55,53.11,53.39,1111940
2020-03-13,56.74,61.98,54.43,61.9,1151135
2020-03-16,56.11,58.89,51.26,51.27,975469
2020-03-17,52.0,56.39,50.55,56.17,1169912
2020-03-18,51.26,54.94,47.04,50.55,1157351
2020-03-19,50.56,60.93,50.28,58.66,1224343
2020-03-20,61.75,63.69,55.38,55.9,1635555
2020-03-23,56.74,56.99,52.4,54.63,891386
2020-03-24,58.23,60.79,57.05,60.76,1077673
2020-03-25,60.96,63.84,58.24,60.08,904774
2020-03-26,61.04,65.99,59.7,65.63,1096843
2020-03-27,62.7,64.82,61.71,61.92,1009373
2020-03-30,63.11,65.14,62.0,64.04,862771
2020-03-31,67.5,68.7,64.66,65.63,1213929
2020-04-01,62.89,64.29,59.9,60.5,797751
2020-04-02,59.76,62.07,59.15,61.98,697805
2020-04-03,61.14,62.9,59.27,59.75,546908
2020-04-06,62.61,66.87,62.46,66.37,823039
2020-04-07,68.3,69.46,64.25,64.7,746709
2020-04-08,66.29,67.79,64.07,66.99,629757
2020-04-09,67.73,69.02,63.6,64.58,624609
2020-04-13,64.26,65.95,63.56,65.63,527830
2020-04-14,67.97,70.18,67.67,69.21,860038
2020-04-15,67.54,69.06,66.63,67.73,793571
2020-04-16,68.57,69.55,66.9,69.44,584684
2020-04-17,70.8,72.0,69.13,70.28,651431
2020-04-20,68.67,70.45,68.41,68.98,474849
2020-04-21,68.26,68.29,65.66,66.16,507279
2020-04-22,68.34,68.98,66.83,68.63,591859
2020-04-23,68.69,69.89,67.96,68.46,383786
2020-04-24,68.46,71.73,67.56,71.24,601321
2020-04-27,71.6,73.18,71.33,72.71,431681
2020-04-28,74.0,75.76,73.6,73.62,621081
2020-04-29,75.04,78.46,75.04,78.28,629635
2020-04-30,77.59,77.59,75.1,75.6,1007020
2020-05-01,74.0,74.95,70.36,70.83,729315
2020-05-04,68.74,72.28,68.11,72.07,714889
2020-05-05,73.95,75.91,71.9,72.74,940681
2020-05-06,73.21,73.47,71.22,72.33,566745
2020-05-07,72.23,73.0,70.89,71.27,553483
2020-05-08,72.88,76.34,71.82,76.3,872318
2020-05-11,74.08,75.48,73.1,73.38,775391
2020-05-12,73.89,73.99,68.84,69.06,774377
2020-05-13,69.15,71.37,66.17,67.52,895242
2020-05-14,66.64,67.03,64.09,66.57,626220
2020-05-15,64.47,65.93,63.48,65.58,590699
2020-05-18,67.75,70.94,67.1,70.66,678734
2020-05-19,70.7,72.57,70.31,71.15,645690
2020-05-20,73.08,75.16,72.5,74.21,713749
2020-05-21,74.68,76.29,73.22,73.29,768697
2020-05-22,73.42,73.58,71.84,73.48,405583
2020-05-26,76.06,77.33,73.48,73.7,629621
2020-05-27,74.1,74.64,71.17,74.26,492627
2020-05-28,74.58,74.91,71.05,71.69,655963
2020-05-29,72.06,72.83,71.22,72.48,621337
2020-06-01,72.36,72.86,71.46,71.74,456407
2020-06-02,72.25,72.72,70.39,70.83,706684
2020-06-03,72.01,73.19,71.68,72.06,823659
2020-06-04,71.51,72.4,68.95,69.3,648865
2020-06-05,71.2,73.07,70.34,71.6,757620
2020-06-08,72.2,72.42,67.91,68.51,955593
2020-06-09,68.55,72.68,67.58,72.13,1124972
2020-06-10,72.1,72.92,70.03,70.16,750920
2020-06-11,68.0,70.58,67.04,67.48,1136225
2020-06-12,69.24,69.85,64.22,66.21,1372837
2020-06-15,64.73,67.44,64.58,67.26,978258
2020-06-16,69.28,69.83,65.19,65.85,1023502
2020-06-17,66.26,67.41,65.39,65.74,797467
2020-06-18,65.63,65.94,64.36,64.79,659875
2020-06-19,66.04,66.04,62.53,62.54,1336815
2020-06-22,60.55,61.91,55.53,60.68,2553482
2020-06-23,62.9,62.91,59.28,59.48,1495116
2020-06-24,59.0,59.17,56.81,56.96,1374230
2020-06-25,56.52,57.75,55.3,57.7,1267813
2020-06-26,57.23,59.95,56.49,58.52,7620060
2020-06-29,59.0,60.31,57.79,60.29,1619799
2020-06-30,60.58,62.21,60.21,61.78,1107980
2020-07-01,62.0,62.0,59.94,60.21,675102
2020-07-02,61.08,61.5,60.3,60.65,667580
2020-07-06,61.55,62.68,61.28,62.01,1159312
2020-07-07,61.95,63.67,61.54,62.62,1109869
2020-07-08,63.27,64.01,62.35,62.73,839263
2020-07-09,63.52,64.41,62.1,64.1,929074
2020-07-10,64.1,64.47,62.87,64.39,534561
2020-07-13,65.12,66.44,63.67,63.74,761242
2020-07-14,63.2,65.24,62.3,65.09,614702
2020-07-15,65.88,66.32,64.97,65.65,579426
2020-07-16,65.35,65.64,64.57,65.5,463069
2020-07-17,66.07,67.64,66.01,66.75,713186
2020-07-20,66.43,66.66,65.65,66.48,560192
2020-07-21,66.84,66.9,64.46,64.72,733102
2020-07-22,64.58,65.21,64.19,65.01,659232
2020-07-23,64.93,66.13,64.39,65.08,598165
2020-07-24,64.28,66.1,64.2,64.8,554430
2020-07-27,65.22,66.39,65.08,66.32,482456
2020-07-28,65.81,65.91,63.9,64.06,661632
2020-07-29,64.35,65.97,64.25,65.6,341086
2020-07-30,64.59,67.21,64.5,67.17,471485
2020-07-31,68.54,68.99,66.58,68.53,989312
2020-08-03,71.87,75.88,71.72,74.49,2837696
2020-08-04,73.99,74.3,67.24,68.43,2467962
2020-08-05,68.41,68.68,65.52,66.32,1311831
2020-08-06,65.89,66.88,64.8,65.05,648876
2020-08-07,65.0,65.17,63.87,64.63,773015
2020-08-10,64.81,65.62,63.61,63.86,649414
2020-08-11,64.34,65.13,63.34,63.5,553573
2020-08-12,63.9,64.24,63.36,63.73,562606
2020-08-13,63.51,63.58,60.88,61.19,770942
2020-08-14,61.35,61.85,60.02,60.4,585898
2020-08-17,60.62,61.18,60.49,60.69,504188
2020-08-18,60.7,60.83,59.22,59.3,662669
2020-08-19,59.32,59.98,58.92,59.4,426373
2020-08-20,58.98,59.29,58.15,58.42,363273
2020-08-21,58.31,59.44,58.19,59.2,428315
2020-08-24,59.85,60.16,59.11,59.54,320965
2020-08-25,59.43,60.48,59.43,60.45,284741
2020-08-26,60.58,61.3,60.38,60.96,345657
2020-08-27,61.05,61.05,59.42,60.4,1039889
2020-08-28,60.63,61.35,60.26,61.17,471755
2020-08-31,60.86,61.0,59.6,60.59,492576
2020-09-01,60.63,61.49,60.41,61.12,803367
2020-09-02,61.5,63.24,61.5,62.89,661814
2020-09-03,62.19,62.19,58.13,58.34,769530
2020-09-04,58.34,59.31,56.27,58.33,651613
2020-09-08,56.64,57.4,55.84,55.87,577786
2020-09-09,57.5,57.64,56.15,56.7,522929
2020-09-10,58.18,58.96,57.02,57.37,625324
2020-09-11,57.77,58.43,57.31,58.06,620915
2020-09-14,59.79,60.28,59.15,60.04,766126
2020-09-15,61.2,61.96,60.69,61.32,610091
2020-09-16,61.85,62.38,60.75,60.79,629531
2020-09-17,59.17,61.04,59.0,60.95,606326
2020-09-18,61.46,61.46,59.39,59.93,1838188
2020-09-21,58.96,60.55,58.28,60.51,696610
2020-09-22,61.21,61.3,59.99,61.06,470239
2020-09-23,60.78,61.67,59.84,59.95,526548
2020-09-24,59.41,61.96,59.41,61.51,708540
2020-09-25,61.36,63.15,60.82,63.02,912257
2020-09-28,63.65,65.0,63.43,64.95,678844
2020-09-29,64.75,66.29,64.57,66.0,863670
2020-09-30,66.02,67.88,65.5,67.45,912275
2020-10-01,68.3,69.09,67.85,68.38,531571
2020-10-02,66.47,67.43,66.24,66.86,678857
2020-10-05,67.51,69.81,67.18,69.76,820875
2020-10-06,69.45,71.41,69.45,69.88,682469
2020-10-07,70.93,71.26,69.98,70.37,522723
2020-10-08,70.53,71.22,69.77,70.36,388502
2020-10-09,70.86,72.06,70.82,71.94,356331
2020-10-12,72.84,73.51,71.87,73.08,527494
2020-10-13,73.0,73.66,72.07,72.32,626232
2020-10-14,72.24,72.56,70.12,70.13,554341
2020-10-15,69.25,69.39,68.33,69.12,415990
2020-10-16,69.22,69.39,68.11,68.45,288785
2020-10-19,69.25,70.42,68.12,68.86,486070
2020-10-20,68.98,70.05,68.61,69.16,255283
2020-10-21,69.87,70.07,68.53,68.64,287467
2020-10-22,68.65,68.98,67.46,68.56,266512
2020-10-23,68.39,68.82,67.5,67.66,248474
2020-10-26,67.0,68.1,66.34,67.56,353139
2020-10-27,67.57,68.73,67.52,68.26,315019
2020-10-28,67.33,67.98,66.26,66.73,425319
2020-10-29,66.34,69.85,66.17,69.62,452092
2020-10-30,68.47,69.0,67.46,68.87,529846
2020-11-02,68.84,69.77,66.23,66.63,714870
2020-11-03,74.99,74.99,69.09,69.25,1864797
2020-11-04,71.0,72.03,69.64,70.84,606603
2020-11-05,71.74,72.33,71.17,71.92,698774
2020-11-06,72.35,74.32,71.43,73.93,745289
2020-11-09,75.61,78.09,75.3,75.84,950665
2020-11-10,74.9,75.79,73.84,74.7,543515
2020-11-11,75.78,76.39,74.3,76.21,453608
2020-11-12,76.21,76.3,74.94,75.95,461359
2020-11-13,76.88,77.48,76.23,77.01,287695
2020-11-16,77.33,78.48,76.26,76.97,382274
2020-11-17,76.82,76.91,75.75,75.89,523186
2020-11-18,76.12,76.24,74.88,74.95,409896
2020-11-19,74.58,76.35,74.3,76.27,360713
2020-11-20,76.25,78.09,75.78,77.31,400053
2020-11-23,78.11,78.13,75.53,77.7,551720
2020-11-24,78.15,78.15,75.73,77.71,456532
2020-11-25,77.9,78.17,76.25,76.35,274730
2020-11-27,77.21,77.92,76.51,77.33,164524
2020-11-30,77.42,80.75,76.54,80.1,765297
2020-12-01,80.71,83.72,80.5,81.38,841347
2020-12-02,81.0,81.11,80.23,80.75,437016
2020-12-03,81.3,81.71,79.55,79.67,315953
2020-12-04,80.03,82.81,79.32,82.75,343037
2020-12-07,83.07,84.36,82.65,83.09,353830
2020-12-08,82.7,84.02,82.3,82.97,557468
2021-01-04,82.95,86.13,82.4,84.13,646644
2021-01-05,84.41,86.58,84.14,86.36,542030
2021-01-06,87.53,91.37,86.3,90.38,774250
2021-01-07,91.05,92.14,90.84,91.36,450545
2021-01-08,92.5,92.88,89.75,91.12,407505
2021-01-11,90.15,92.8,89.98,91.52,231615
2021-01-12,92.81,93.24,90.91,93.0,344222
2021-01-13,92.57,94.5,92.09,93.93,262106
2021-01-14,94.58,97.82,94.25,97.55,541572
2021-01-15,96.99,99.34,95.16,98.76,481042
2021-01-19,99.81,101.67,99.41,101.35,480937
2021-01-20,102.05,103.25,99.29,100.44,458750
2021-01-21,101.46,101.46,99.17,99.46,352653
2021-01-22,98.81,99.4,97.73,98.56,328276
2021-01-25,99.62,100.97,97.94,99.05,374078
2021-01-26,98.83,100.3,97.74,100.13,539171
2021-01-27,98.56,99.65,94.29,95.63,659856
2021-01-28,97.2,97.48,93.95,93.96,539450
2021-01-29,97.0,97.18,93.69,93.69,697872
2021-02-01,94.9,99.35,94.08,97.86,1311679
2021-02-02,91.35,94.32,89.53,89.91,2580236
2021-02-03,90.03,90.12,85.96,86.38,1369147
2021-02-04,86.08,87.28,85.12,87.11,905672
2021-02-05,88.0,88.2,85.05,85.36,578585
2021-02-08,87.5,89.57,86.89,89.42,696334
2021-02-09,89.56,89.8,87.15,88.36,615177
2021-02-10,89.45,90.17,87.39,87.51,553421
2021-02-11,88.13,89.67,88.02,88.97,617704
2021-02-12,88.49,90.08,87.5,89.39,741019
2021-02-16,90.95,91.24,89.24,89.47,692075
2021-02-17,88.27,89.27,87.26,88.36,516458
2021-02-18,87.23,87.61,86.05,86.95,933668
2021-02-19,88.27,88.85,87.4,88.18,987933
2021-02-22,87.2,87.63,85.43,85.74,996819
2021-02-23,84.28,86.27,81.62,84.95,1177430
2021-02-24,84.49,86.96,82.68,86.84,854044
2021-02-25,86.3,86.3,81.75,82.13,423249
2021-02-26,82.58,83.31,80.73,81.78,648914
2021-03-01,83.18,83.6,82.21,83.33,839402
2021-03-02,83.66,83.66,80.77,80.91,1214866
2021-03-03,80.91,81.92,77.98,78.0,764869
2021-03-04,77.59,78.3,73.87,74.09,1445410
2021-03-05,75.26,77.92,73.3,77.61,1134821
2021-03-08,78.81,78.81,73.45,73.85,1516619
2021-03-09,76.06,77.9,75.73,76.27,770016
2021-03-10,76.19,77.13,74.66,75.77,840569
2021-03-11,78.34,78.96,76.98,77.5,784049
2021-03-12,76.51,77.55,75.3,77.21,746267
2021-03-15,77.53,77.92,76.51,77.54,432090
2021-03-16,78.0,80.33,77.84,79.93,618925
2021-03-17,77.99,81.62,77.86,81.16,797235
2021-03-18,79.98,80.85,77.91,77.99,483374
2021-03-19,78.03,79.73,77.22,79.02,922573
2021-03-22,79.66,80.86,79.3,80.22,290515
2021-03-23,80.22,80.22,76.81,77.25,363156
2021-03-24,77.78,79.37,77.2,77.24,379384
2021-03-25,76.36,78.16,75.31,77.95,313521
2021-03-26,78.12,83.1,77.87,83.01,612914
2021-03-29,82.2,83.79,81.05,83.32,833175
2021-03-30,82.54,83.85,81.81,82.75,377252
2021-03-31,83.49,86.04,83.3,84.79,578544
2021-04-01,85.93,88.11,85.72,87.61,413203
2021-04-05,89.34,89.34,87.18,87.64,418308
2021-04-06,87.0,87.9,86.11,86.72,425640
2021-04-07,86.55,87.5,85.55,85.95,404120
2021-04-08,86.8,87.13,85.28,86.12,280472
2021-04-09,85.05,85.79,84.53,84.95,270154
2021-04-12,84.24,85.03,84.02,84.83,327821
2021-04-13,85.51,85.56,83.54,84.03,231282
2021-04-14,84.05,85.62,83.83,84.06,229116
2021-04-15,85.0,85.1,83.7,84.85,171337
2021-04-16,84.75,86.0,84.65,85.65,238600
2021-04-19,85.51,86.05,83.36,84.56,470873
2021-04-20,84.59,84.62,83.38,84.21,424642
2021-04-21,84.29,86.36,84.25,86.23,333314
2021-04-22,86.35,86.73,85.12,85.14,320208
2021-04-23,85.86,87.42,85.85,86.98,342821
2021-04-26,87.25,88.3,87.0,87.42,223047
2021-04-27,88.23,88.38,86.76,87.67,269311
2021-04-28,87.25,87.56,85.88,86.09,339761
2021-04-29,88.58,88.8,85.12,86.24,626099
2021-04-30,74.04,74.72,71.11,74.41,4367133
2021-05-03,74.1,74.39,72.43,73.0,1460223
2021-05-04,73.05,75.2,72.7,75.12,1168070
2021-05-05,75.45,78.34,75.45,76.17,1162486
2021-05-06,75.62,76.68,74.61,76.35,714689
2021-05-07,77.24,77.24,74.92,76.6,645265
2021-05-10,76.5,76.5,73.8,74.87,664203
2021-05-11,72.75,75.76,72.51,75.51,656661
2021-05-12,74.37,75.0,72.09,72.28,653176
2021-05-13,72.87,74.23,72.21,73.36,546339
2021-05-14,74.28,74.83,72.98,74.55,354605
2021-05-17,73.97,74.39,73.27,74.26,368941
2021-05-18,74.47,75.33,73.67,73.71,357992
2021-05-19,72.54,74.59,72.47,74.37,420828
2021-05-20,74.84,76.0,74.82,75.56,299083
2021-05-21,75.79,76.6,74.9,75.07,338217
2021-05-24,75.73,77.13,75.54,76.41,395377
2021-05-25,77.12,77.7,76.69,77.16,374576
2021-05-26,77.18,77.96,76.79,77.46,418833
2021-05-27,77.45,78.59,77.38,77.59,461809
2021-05-28,78.08,78.29,77.16,78.07,566316
2021-06-01,78.3,79.76,76.53,76.57,541709
2021-06-02,76.79,77.64,75.73,77.58,409315
2021-06-03,77.11,78.16,75.89,76.68,440012
2021-06-04,77.36,78.77,76.75,77.64,373195
2021-06-07,77.0,77.95,76.78,77.74,423280
2021-06-08,78.44,78.48,76.58,77.07,235283
2021-06-09,77.8,78.29,77.03,77.96,297820
2021-06-10,78.25,79.46,77.69,79.25,307358
2021-06-11,79.31,79.84,79.13,79.51,261142
2021-06-14,79.71,80.01,79.15,79.77,344560
2021-06-15,79.48,80.41,79.26,79.33,355139
2021-06-16,79.33,81.09,79.28,80.77,535529
2021-06-17,80.31,81.63,80.14,80.5,697716
2021-06-18,80.69,80.89,78.71,79.46,972952
2021-06-21,79.0,79.85,78.22,78.56,371419
2021-06-22,78.55,78.83,77.46,78.67,372004
2021-06-23,78.7,79.95,78.7,79.14,273149
2021-06-24,79.63,80.55,79.63,80.41,215443
2021-06-25,80.65,82.22,80.65,82.03,560254
2021-06-28,82.61,82.93,81.64,82.15,286730
2021-06-29,82.79,86.28,82.26,85.83,645642
2021-06-30,86.64,86.99,84.49,85.12,532183
2021-07-01,84.92,85.05,83.66,84.15,301460
2021-07-02,84.69,85.88,84.3,85.67,259922
2021-07-06,85.87,85.87,83.71,84.84,393612
2021-07-07,85.26,85.44,83.1,83.77,389675
2021-07-08,82.2,84.32,81.66,83.6,420332
2021-07-09,84.42,85.99,83.57,85.79,319498
2021-07-12,86.08,86.27,84.62,84.98,278845
2021-07-13,84.9,84.9,83.6,83.93,384567
2021-07-14,85.16,86.0,83.6,84.15,652512
2021-07-15,84.05,84.66,82.96,84.16,278452
2021-07-16,84.48,84.98,83.5,83.6,449196
2021-07-19,82.39,83.52,81.69,82.51,319533
2021-07-20,82.85,83.75,82.14,82.99,422365
2021-07-21,83.19,84.85,82.77,84.63,377359
2021-07-22,84.05,84.83,83.9,84.5,224435
2021-07-23,84.67,84.88,83.56,84.42,512851
2021-07-26,84.35,84.92,83.5,84.13,214899
2021-07-27,83.59,83.97,82.35,83.34,414522
2021-07-28,83.23,84.42,82.72,84.32,790014
2021-07-29,80.62,82.79,79.21,82.05,1479459
2021-07-30,81.37,82.7,80.56,82.59,660318
2021-08-02,83.45,84.32,79.45,79.71,734907
2021-08-03,79.65,80.15,78.13,78.73,739213
2021-08-04,79.06,81.33,78.84,80.09,428257
2021-08-05,80.22,80.57,78.63,79.48,368793
2021-08-06,79.16,80.07,79.07,79.24,204371
2021-08-09,79.63,79.81,78.5,78.95,399624
2021-08-10,79.02,79.78,77.94,79.72,424117
2021-08-11,79.82,80.51,78.71,80.38,307260
2021-08-12,80.0,80.99,78.92,79.2,306021
2021-08-13,79.01,79.95,78.67,79.85,361152
2021-08-16,79.84,80.76,79.38,80.39,274005
2021-08-17,79.88,79.89,77.33,78.75,342462
2021-08-18,78.63,78.91,77.63,78.53,416484
2021-08-19,78.22,78.22,77.07,77.64,199072
2021-08-20,78.75,80.58,78.52,79.77,367884
2021-08-23,80.09,81.16,79.37,80.98,226835
2021-08-24,81.2,81.67,80.41,80.74,261324
2021-08-25,80.68,82.3,80.52,81.72,369257
2021-08-26,81.84,82.86,81.4,82.77,271178
2021-08-27,82.9,85.33,82.9,84.8,433611
2021-08-30,85.19,85.89,84.82,85.54,238926
2021-08-31,85.57,85.57,83.47,83.67,384306
2021-09-01,83.84,84.54,83.01,83.73,332624
2021-09-02,83.91,84.91,83.77,84.17,323520
2021-09-03,84.11,85.0,83.51,83.62,236302
2021-09-07,86.75,86.75,84.03,84.6,412041
2021-09-08,84.22,85.71,82.88,85.67,418462
2021-09-09,85.86,87.2,85.21,86.71,346787
2021-09-10,87.21,88.32,86.54,86.59,319837
2021-09-13,87.0,87.48,86.22,87.31,297036
2021-09-14,87.82,88.0,86.86,87.04,284235
2021-09-15,87.22,88.33,86.68,87.95,330546
2021-09-16,87.87,88.73,86.71,88.18,349792
2021-09-17,85.38,86.33,83.56,84.73,1370278
2021-09-20,83.72,84.99,82.07,83.95,446861
2021-09-21,83.71,84.87,83.02,84.41,302832
2021-09-22,84.92,85.67,84.51,85.1,315038
2021-09-23,85.63,86.39,85.33,85.87,253004
2021-09-24,85.37,86.17,85.07,85.61,247261
2021-09-27,85.32,86.22,84.74,85.74,258373
2021-09-28,84.61,85.13,82.89,82.97,273502
2021-09-29,83.0,84.37,81.63,82.14,275470
2021-09-30,82.42,83.74,82.2,82.35,329884
2021-10-01,82.8,83.07,81.0,82.4,314781
2021-10-04,81.87,81.88,78.21,78.64,536821
2021-10-05,79.43,79.76,78.58,79.21,372545
2021-10-06,78.41,79.68,78.33,79.36,326346
2021-10-07,79.9,82.34,79.9,81.36,334284
2021-10-08,81.62,82.15,79.65,80.56,182383
2021-10-11,80.04,81.0,79.61,79.81,146473
2021-10-12,80.02,80.38,78.78,79.28,307704
2021-10-13,79.28,80.25,78.89,79.04,528778
2021-10-14,80.16,80.91,79.89,80.72,268158
2021-10-15,81.36,81.85,80.03,80.09,208925
2021-10-18,79.65,80.77,79.13,80.69,176273
2021-10-19,80.81,81.7,80.29,81.13,295749
2021-10-20,81.27,81.82,80.5,80.85,253748
2021-10-21,80.49,81.71,80.42,81.68,239023
2021-10-22,81.52,82.12,80.16,80.27,325744
2021-10-25,80.58,80.76,79.12,79.37,296137
2021-10-26,79.96,80.01,78.73,79.76,383898
2021-10-27,79.41,81.1,79.04,80.32,307478
2021-10-28,81.25,82.35,81.06,82.07,299633
2021-10-29,81.26,82.78,80.39,80.81,525673
2021-11-01,81.21,83.72,80.5,82.75,796586
2021-11-02,82.46,84.82,80.69,81.91,886353
2021-11-03,82.26,83.24,81.1,81.22,668239
2021-11-04,81.31,81.77,78.64,79.05,393749
2021-11-05,79.57,80.45,78.61,78.85,627811
2021-11-08,78.55,80.11,77.88,79.61,641722
2021-11-09,80.34,80.34,78.63,78.85,452625
2021-11-10,78.26,79.6,77.84,78.13,436025
2021-11-11,78.52,80.37,78.52,79.97,338632
2021-11-12,80.17,80.17,78.74,78.8,426915
2021-11-15,79.62,80.43,78.75,79.02,367817
2021-11-16,78.87,80.83,78.52,80.17,538731
2021-11-17,80.16,80.76,79.54,80.24,390775
2021-11-18,81.0,81.6,79.88,80.84,404293
2021-11-19,80.86,81.79,80.39,81.67,367615
2021-11-22,82.0,83.51,81.11,81.15,571032
2021-11-23,80.96,81.96,79.51,80.45,379339
2021-11-24,79.99,81.25,79.1,81.05,249450
2021-11-26,79.89,80.72,78.2,78.46,243269
2021-11-29,79.35,80.71,78.74,80.61,248621
2021-11-30,80.49,81.27,78.57,80.18,493088
2021-12-01,81.15,84.24,80.59,80.83,514167
2021-12-02,79.28,79.81,75.9,77.21,783109
2021-12-03,78.15,79.36,77.19,78.74,448793
2021-12-06,78.84,82.49,78.48,81.48,629621
2021-12-07,82.72,86.36,82.38,86.3,741926
2021-12-08,85.46,88.88,84.92,88.37,718856
2022-01-03,92.25,94.84,91.87,93.99,399047
2022-01-04,94.71,94.75,91.47,92.41,329668
2022-01-05,92.21,93.59,90.3,90.4,560537
2022-01-06,90.0,91.35,89.45,89.79,329630
2022-01-07,89.45,90.39,87.49,88.17,391725
2022-01-10,87.46,89.0,86.98,88.98,396647
2022-01-11,89.78,93.45,89.0,92.81,469206
2022-01-12,94.2,95.84,92.42,93.48,404490
2022-01-13,95.25,95.44,92.47,92.61,387769
2022-01-14,91.77,94.37,91.56,94.3,317971
2022-01-18,93.31,93.34,90.58,90.71,451057
2022-01-19,91.2,93.08,88.16,88.32,440963
2022-01-20,88.93,89.81,87.14,87.17,253823
2022-01-21,86.96,89.13,86.19,86.2,299728
2022-01-24,85.01,87.23,82.72,87.14,409788
2022-01-25,84.97,85.4,83.05,83.94,286384
2022-01-26,85.69,89.43,84.78,87.0,556637
2022-01-27,87.96,87.96,82.26,82.83,439756
2022-01-28,83.34,85.25,80.98,85.25,587212
2022-01-31,87.17,89.9,86.38,89.44,1581912
2022-02-01,87.34,87.69,82.11,82.94,3342218
2022-02-02,83.5,87.34,83.1,85.32,1170318
2022-02-03,83.5,84.73,82.11,82.4,772988
2022-02-04,82.1,83.48,81.25,82.67,601806
2022-02-07,82.49,83.28,80.88,81.59,519076
2022-02-08,81.28,83.42,81.01,83.4,670896
2022-02-09,84.17,85.41,83.17,85.26,545442
2022-02-10,83.76,86.54,83.61,84.24,529192
2022-02-11,84.1,85.32,81.31,81.65,546217
2022-02-14,81.65,84.1,81.2,82.09,712990
2022-02-15,82.91,84.79,82.14,84.46,662652
2022-02-16,83.45,86.92,83.16,86.32,634189
2022-02-17,85.11,85.85,84.17,84.4,462723
2022-02-18,84.42,86.71,84.01,85.32,489175
2022-02-22,84.36,85.77,83.73,84.7,392469
2022-02-23,85.26,85.96,83.36,83.56,510037
2022-02-24,81.06,86.41,80.9,86.21,618896
2022-02-25,86.4,87.88,85.14,87.71,368693
2022-02-28,87.02,87.42,85.32,86.87,425198
2022-03-01,86.64,87.0,84.17,85.05,388692
2022-03-02,85.07,88.03,85.07,88.0,438085
2022-03-03,88.71,88.77,86.13,87.15,413951
2022-03-04,85.95,86.61,84.25,84.97,374769
2022-03-07,84.86,85.58,80.99,81.19,448943
2022-03-08,81.37,84.84,80.91,82.3,437413
2022-03-09,83.97,85.79,83.36,85.09,320102
2022-03-10,83.45,84.44,82.38,84.16,258270
2022-03-11,85.23,85.91,81.78,81.95,237692
2022-03-14,81.08,81.4,78.91,79.31,522239
2022-03-15,79.7,80.63,78.84,79.91,517847
2022-03-16,80.99,83.85,80.22,83.81,338407
2022-03-17,82.96,83.97,81.84,82.15,596012
2022-03-18,81.72,84.09,81.43,83.77,668485
2022-03-21,83.77,84.99,82.97,84.64,235217
2022-03-22,84.58,85.35,83.92,84.18,253918
2022-03-23,83.78,84.26,82.15,82.23,274272
2022-03-24,82.99,85.75,81.95,85.7,278817
2022-03-25,85.99,87.7,84.87,87.69,303181
2022-03-28,85.0,86.79,84.06,86.36,369969
2022-03-29,87.64,88.92,86.23,88.07,227242
2022-03-30,87.33,87.94,85.51,86.02,232230
2022-03-31,85.62,86.12,84.6,84.79,341367
2022-04-01,84.79,85.77,82.12,83.97,523231
2022-04-04,84.49,84.88,82.98,84.23,394698
2022-04-05,83.54,83.57,80.0,80.15,565928
2022-04-06,78.66,80.51,78.32,79.16,410390
2022-04-07,78.72,79.59,76.98,78.86,388580
2022-04-08,78.01,78.1,76.14,76.89,442194
2022-04-11,76.19,77.19,75.4,75.62,277212
2022-04-12,77.2,77.27,75.68,75.82,399045
2022-04-13,76.1,77.16,75.97,76.76,288967
2022-04-14,75.95,77.14,75.3,75.43,263664
2022-04-18,75.1,77.47,75.1,77.03,314664
2022-04-19,77.06,78.5,76.56,78.22,228400
2022-04-20,79.4,80.0,78.13,78.52,361324
2022-04-21,79.37,80.07,78.07,78.22,357080
2022-04-22,77.88,78.36,76.77,76.88,353529
2022-04-25,76.4,77.42,75.59,76.99,361764
2022-04-26,76.51,76.67,74.28,74.38,310640
2022-04-27,74.22,75.4,73.45,73.59,401423
2022-04-28,75.06,77.7,74.74,77.01,339703
2022-04-29,76.02,78.25,75.38,75.8,450342
2022-05-02,75.9,78.48,75.41,78.41,700871
2022-05-03,78.0,79.75,77.08,79.21,549353
2022-05-04,82.15,84.98,78.39,82.81,1878688
2022-05-05,80.96,82.87,79.07,80.26,627335
2022-05-06,79.99,80.81,78.07,79.07,577768
2022-05-09,78.2,79.06,75.07,75.98,518476
2022-05-10,77.35,79.28,76.1,77.8,507424
2022-05-11,77.34,79.19,75.36,75.48,745103
2022-05-12,75.07,76.32,74.11,75.36,612821
2022-05-13,76.54,78.97,76.04,77.96,520952
2022-05-16,77.76,79.83,77.16,78.33,444611
2022-05-17,80.03,81.65,80.03,81.28,374354
2022-05-18,80.7,82.03,79.67,79.86,397512
2022-05-19,79.39,81.21,79.08,79.38,324292
2022-05-20,80.17,80.28,77.21,79.46,492850
2022-05-23,79.1,79.65,78.24,78.87,241681
2022-05-24,78.43,78.79,77.36,78.52,459335
2022-05-25,77.94,79.4,77.82,78.61,240549
2022-05-26,78.04,80.04,78.04,79.51,316978
2022-05-27,80.48,81.56,80.2,81.38,274500
2022-05-31,81.53,81.92,79.99,81.54,420282
2022-06-01,81.9,82.19,79.73,81.21,256047
2022-06-02,81.04,84.68,81.04,84.24,451403
2022-06-03,83.08,83.58,81.91,82.15,326207
2022-06-06,83.6,83.95,81.57,81.91,272826
2022-06-07,81.47,83.03,80.16,82.75,252490
2022-06-08,82.75,82.95,81.14,81.58,311912
2022-06-09,80.83,82.16,79.52,79.56,261084
2022-06-10,78.44,79.91,77.54,77.59,344337
2022-06-13,75.58,76.48,72.12,72.94,664712
2022-06-14,73.81,74.34,72.32,73.25,509744
2022-06-15,74.31,75.31,72.82,74.3,373483
2022-06-16,72.44,72.44,70.11,70.96,694144
2022-06-17,71.79,72.27,70.18,70.88,963275
2022-06-21,72.2,72.97,71.72,71.84,523618
2022-06-22,71.3,71.89,70.11,71.36,416012
2022-06-23,71.59,71.59,70.25,70.56,290782
2022-06-24,71.61,72.74,71.12,72.64,553101
2022-06-27,73.01,74.73,72.65,73.83,354831
2022-06-28,74.26,74.79,72.83,73.0,350814
2022-06-29,72.07,72.81,71.47,72.55,279634
2022-06-30,71.68,73.55,71.31,72.54,392418
2022-07-01,71.36,71.86,69.07,69.66,386174
2022-07-05,68.5,69.66,67.03,69.63,542416
2022-07-06,70.0,70.16,68.23,69.76,499601
2022-07-07,71.01,72.19,71.01,71.93,335344
2022-07-08,71.25,72.33,70.88,72.04,432998
2022-07-11,71.14,71.88,70.47,70.95,241980
2022-07-12,71.5,72.76,71.18,71.99,364277
2022-07-13,71.21,73.46,71.01,72.83,360312
2022-07-14,73.05,74.71,72.23,73.95,280059
2022-07-15,74.82,75.39,73.89,75.36,479239
2022-07-18,76.0,76.21,73.59,73.91,249748
2022-07-19,74.86,77.4,74.5,77.07,191846
2022-07-20,76.66,79.38,76.29,79.05,377706
2022-07-21,79.85,80.63,79.11,80.57,242831
2022-07-22,80.65,80.67,78.62,79.67,279149
2022-07-25,79.0,79.85,78.66,79.72,294961
2022-07-26,79.7,80.22,79.01,79.04,278747
2022-07-27,79.63,82.69,79.61,81.82,311644
2022-07-28,82.21,82.96,81.29,82.87,467350
2022-07-29,82.66,85.85,82.18,85.46,473233
2022-08-01,84.92,84.99,81.81,83.75,585935
2022-08-02,82.58,86.21,82.21,84.04,522984
2022-08-03,87.63,89.2,86.07,88.46,927099
2022-08-04,88.24,88.83,87.2,87.72,502997
2022-08-05,87.0,87.34,85.41,85.78,446992
2022-08-08,85.44,86.28,83.87,84.79,433595
2022-08-09,83.55,84.36,82.63,83.22,594195
2022-08-10,84.92,85.65,83.92,85.2,364072
2022-08-11,85.59,86.28,84.94,85.56,455133
2022-08-12,86.32,88.06,85.86,87.59,281323
2022-08-15,87.39,88.35,87.11,87.72,249180
2022-08-16,87.34,89.13,87.0,88.01,434568
2022-08-17,86.99,87.65,85.63,87.4,325967
2022-08-18,87.15,89.17,87.15,87.7,338754
2022-08-19,86.7,87.02,86.05,86.38,231593
2022-08-22,85.0,85.76,84.08,84.14,326178
2022-08-23,84.07,85.73,84.07,84.5,229639
2022-08-24,84.16,84.44,83.71,84.18,306442
2022-08-25,84.12,85.83,84.12,85.83,185854
2022-08-26,85.79,86.15,82.67,82.72,412102
2022-08-29,81.89,82.48,80.57,80.79,434921
2022-08-30,81.19,81.21,77.9,78.28,890897
2022-08-31,78.42,78.43,76.25,76.69,689111
2022-09-01,75.54,75.67,71.79,74.03,689667
2022-09-02,75.1,75.28,72.84,73.24,435119
2022-09-06,73.08,73.08,71.83,72.27,499389
2022-09-07,72.95,73.46,71.7,73.18,380495
2022-09-08,72.36,73.78,71.96,73.57,319771
2022-09-09,74.5,75.7,74.12,75.43,311118
2022-09-12,76.23,77.36,75.79,77.33,526926
2022-09-13,75.22,75.51,73.46,73.56,471948
2022-09-14,74.31,75.66,73.32,73.99,288468
2022-09-15,73.96,74.96,73.21,74.93,635960
2022-09-16,74.47,75.42,73.57,75.01,1059781
2022-09-19,74.19,76.22,74.19,76.02,310995
2022-09-20,75.35,77.47,75.35,77.17,433716
2022-09-21,77.62,80.3,77.27,77.86,476534
2022-09-22,77.72,77.93,75.87,76.92,367644
2022-09-23,75.9,76.52,74.85,75.52,544085
2022-09-26,75.08,75.84,73.27,73.35,507085
2022-09-27,74.21,74.52,72.95,73.89,363865
2022-09-28,72.72,73.27,71.42,72.62,839825
2022-09-29,71.02,71.89,68.5,69.55,716048
2022-09-30,69.45,70.71,68.66,68.8,710157
2022-10-03,69.91,70.79,69.18,69.75,888862
2022-10-04,71.62,72.6,71.26,71.62,624431
2022-10-05,70.97,73.63,70.43,73.07,603201
2022-10-06,72.83,73.52,71.61,71.69,365681
2022-10-07,70.49,71.09,67.87,68.09,461875
2022-10-10,68.03,68.03,64.94,66.45,417138
2022-10-11,65.54,66.4,64.81,65.55,417957
2022-10-12,65.25,65.65,63.87,63.88,272789
2022-10-13,62.07,68.05,61.94,66.83,583210
2022-10-14,66.89,67.21,64.53,64.58,376575
2022-10-17,65.98,66.74,65.24,66.01,230014
2022-10-18,67.76,68.27,64.17,65.72,811090
2022-10-19,65.25,66.46,65.06,65.66,288413
2022-10-20,66.27,67.29,65.09,65.47,291315
2022-10-21,65.68,68.2,65.05,67.8,381285
2022-10-24,67.73,68.0,66.04,67.67,357533
2022-10-25,67.32,69.31,67.2,68.34,394468
2022-10-26,67.19,68.96,66.51,66.93,760610
2022-10-27,67.29,67.75,65.1,65.15,882125
2022-10-28,65.86,69.74,65.31,68.78,932502
2022-10-31,68.2,68.2,66.28,67.12,735105
2022-11-01,68.58,68.62,66.63,67.85,916363
2022-11-02,72.41,74.0,70.63,70.9,1821883
2022-11-03,69.89,69.94,66.74,67.15,984660
2022-11-04,69.54,69.75,66.8,68.17,762954
2022-11-07,68.04,68.28,66.03,67.43,601060
2022-11-08,68.09,69.86,67.67,69.44,707668
2022-11-09,68.74,69.09,67.82,68.5,432192
2022-11-10,71.33,73.37,70.97,73.25,491974
2022-11-11,73.25,75.56,72.99,74.92,490865
2022-11-14,74.89,75.68,74.54,74.85,388866
2022-11-15,76.57,78.09,76.29,77.22,501726
2022-11-16,76.19,76.65,74.23,74.47,457936
2022-11-17,72.77,74.75,72.52,74.35,521452
2022-11-18,75.51,77.18,75.29,76.7,604081
2022-11-21,75.85,76.54,73.8,73.8,352907
2022-11-22,74.58,75.96,73.97,75.91,348904
2022-11-23,75.81,77.08,75.33,76.93,251539
2022-11-25,76.36,76.77,74.96,75.11,180954
2022-11-28,73.93,74.87,72.51,72.85,482851
2022-11-29,73.07,73.49,70.72,70.96,501916
2022-11-30,70.96,74.84,69.8,74.71,745367
2022-12-01,74.95,75.52,73.64,75.14,420065
2022-12-02,73.84,74.45,73.24,74.09,228896
2022-12-05,73.82,74.05,73.05,73.54,313350
2022-12-06,73.76,75.17,72.44,73.22,597695
2022-12-07,72.41,74.15,71.83,74.04,434893
2022-12-08,74.6,78.15,74.6,77.7,851798
2023-01-09,79.48,81.47,78.49,80.96,411597
2023-01-10,81.01,81.97,81.01,81.29,373011
2023-01-11,81.56,83.99,80.99,83.8,973437
2023-01-12,83.77,85.89,82.89,84.27,626457
2023-01-13,83.69,85.33,82.87,84.89,399758
2023-01-17,84.5,85.74,84.19,85.66,439999
2023-01-18,86.44,87.81,85.67,85.89,438953
2023-01-19,85.28,85.71,83.32,85.11,468756
2023-01-20,86.1,86.3,84.78,86.29,283569
2023-01-23,87.11,90.67,86.88,89.29,479299
2023-01-24,88.78,90.27,88.48,89.07,445792
2023-01-25,88.09,89.25,87.21,88.84,363719
2023-01-26,89.22,90.21,88.54,90.08,353981
2023-01-27,88.9,90.21,88.83,89.7,329916
2023-01-30,88.42,89.37,87.96,88.84,438918
2023-01-31,88.25,90.4,88.25,90.39,472581
2023-02-01,90.61,94.06,90.42,93.24,604844
2023-02-02,92.67,95.51,91.24,94.89,1283690
2023-02-03,95.08,104.97,93.57,102.38,2563694
2023-02-06,100.64,104.35,99.97,102.37,863069
2023-02-07,102.31,107.31,101.62,106.65,1158221
2023-02-08,105.83,107.63,104.73,105.11,566288
2023-02-09,106.15,107.04,104.31,104.98,467955
2023-02-10,104.23,104.97,102.34,104.5,648621
2023-02-13,104.73,107.11,103.99,106.14,565012
2023-02-14,106.26,108.42,105.61,105.85,776122
2023-02-15,105.05,106.98,104.33,106.01,520456
2023-02-16,104.81,106.93,104.69,104.77,419873
2023-02-17,104.62,104.62,102.16,103.53,529105
2023-02-21,102.13,103.81,101.56,101.66,422901
2023-02-22,101.85,103.42,101.6,101.79,391561
2023-02-23,104.0,104.24,101.72,102.77,283912
2023-02-24,101.49,102.85,101.48,102.08,373748
2023-02-27,103.16,103.6,102.04,102.19,320243
2023-02-28,101.67,104.04,101.36,102.75,604183
2023-03-01,103.37,104.61,102.48,103.21,453470
2023-03-02,102.35,104.92,101.64,104.34,366505
2023-03-03,104.16,104.63,102.94,103.74,603967
2023-03-06,104.37,105.62,102.39,102.79,424094
2023-03-07,103.19,103.72,102.54,103.23,304778
2023-03-08,103.73,104.67,103.4,104.19,282660
2023-03-09,104.02,105.77,101.73,101.86,511205
2023-03-10,102.29,102.5,99.38,100.79,416580
2023-03-13,99.47,101.45,99.04,99.92,366278
2023-03-14,101.53,102.9,100.92,102.52,407835
2023-03-15,101.11,101.89,99.12,101.18,418440
2023-03-16,99.94,103.72,99.25,103.0,371763
2023-03-17,103.67,104.41,101.91,102.75,1231169
2023-03-20,103.2,104.8,102.92,104.53,323796
2023-03-21,105.38,106.0,102.94,104.48,456786
2023-03-22,104.23,106.82,103.57,103.58,474329
2023-03-23,104.75,106.86,104.37,105.82,444419
2023-03-24,104.88,105.73,103.44,105.59,585467
2023-03-27,105.91,106.45,104.35,106.2,441666
2023-03-28,106.2,106.39,101.98,104.39,583043
2023-03-29,105.81,109.35,105.76,108.59,600339
2023-03-30,109.46,111.15,108.86,109.56,582134
2023-03-31,108.6,109.56,108.04,109.38,496384
2023-04-03,109.16,109.75,106.84,107.62,465152
2023-04-04,107.74,107.74,104.75,105.6,414015
2023-04-05,104.86,104.97,101.71,102.65,824290
2023-04-06,102.0,102.87,101.39,102.74,702929
2023-04-10,101.78,103.81,101.78,103.3,310985
2023-04-11,103.65,103.9,101.42,101.82,433753
2023-04-12,88.23,91.73,87.9,89.28,3291344
2023-04-13,89.69,91.24,89.56,90.9,963721
2023-04-14,90.77,92.18,88.76,89.17,986638
2023-04-17,89.03,91.15,87.97,89.4,1098452
2023-04-18,90.13,90.44,88.0,88.83,462966
2023-04-19,88.24,89.12,87.65,89.07,344432
2023-04-20,88.38,89.63,88.23,88.75,474643
2023-04-21,88.81,88.81,87.55,88.0,407841
2023-04-24,87.5,87.83,86.11,86.71,612342
2023-04-25,86.13,86.2,83.77,84.07,617667
2023-04-26,84.4,85.34,83.84,83.98,486548
2023-04-27,83.25,84.86,81.94,84.77,565341
2023-04-28,85.35,86.0,84.21,85.79,549667
2023-05-01,85.79,86.64,84.71,85.05,471908
2023-05-02,85.33,85.97,84.1,85.38,444228
2023-05-03,85.08,86.23,84.6,84.85,484501
2023-05-04,83.94,84.34,81.87,82.33,1147155
2023-05-05,78.9,80.51,76.7,79.46,1760760
2023-05-08,79.21,79.99,77.31,78.03,635229
2023-05-09,76.92,77.41,75.85,77.12,679419
2023-05-10,78.06,79.29,77.34,78.93,502070
2023-05-11,78.69,79.19,77.17,78.28,436777
2023-05-12,78.79,79.18,77.72,78.52,357861
2023-05-15,78.49,80.08,77.86,80.06,370215
2023-05-16,79.61,80.08,77.48,77.56,439231
2023-05-17,77.94,79.4,77.7,79.05,439026
2023-05-18,79.35,79.82,78.68,79.3,373432
2023-05-19,79.17,79.22,77.96,78.11,407374
2023-05-22,75.98,77.58,75.6,77.04,569263
2023-05-23,76.21,76.89,75.33,75.75,489896
2023-05-24,74.62,75.33,73.88,74.29,451406
2023-05-25,75.4,76.0,74.72,75.3,480183
2023-05-26,75.49,78.94,75.49,78.66,508798
2023-05-30,79.8,80.11,76.78,77.52,457278
2023-05-31,76.42,78.06,76.19,77.68,892076
2023-06-01,78.28,78.88,76.33,78.63,531305
2023-06-02,79.21,79.88,77.31,79.53,451626
2023-06-05,78.61,78.7,76.0,76.65,578394
2023-06-06,76.45,78.11,76.34,77.3,419571
2023-06-07,77.79,79.11,76.22,77.32,724518
2023-06-08,77.86,78.43,76.68,77.13,491631
2023-06-09,77.66,77.86,76.41,76.83,446779
2023-06-12,77.5,79.18,77.11,78.55,526871
2023-06-13,79.18,79.72,78.28,79.14,417576
2023-06-14,78.54,79.11,77.05,78.16,531010
2023-06-15,77.49,77.88,76.57,77.1,554980
2023-06-16,77.85,77.91,76.27,77.14,882664
2023-06-20,76.44,77.24,75.35,77.15,510202
2023-06-21,76.91,76.91,75.88,75.93,538076
2023-06-22,75.59,76.45,75.26,76.02,447941
2023-06-23,75.16,75.63,73.67,73.81,517369
2023-06-26,74.43,75.89,74.43,74.82,357596
2023-06-27,75.08,78.75,74.75,78.62,445289
2023-06-28,77.23,78.9,76.65,78.74,548911
2023-06-29,78.79,79.73,78.03,79.69,402194
2023-06-30,80.15,81.43,79.53,81.01,595135
2023-07-03,81.03,81.49,79.82,81.16,205622
2023-07-05,80.33,80.37,79.04,79.33,434716
2023-07-06,78.03,79.71,77.59,79.53,470905
2023-07-07,80.0,80.96,79.29,79.65,671096
2023-07-10,79.75,81.19,79.73,80.41,506948
2023-07-11,79.86,81.25,79.43,81.09,388474
2023-07-12,82.15,83.43,81.95,82.82,391685
2023-07-13,82.7,83.0,79.94,81.7,834308
2023-07-14,81.99,81.99,78.79,79.07,612145
2023-07-17,79.13,80.63,78.73,79.97,394099
2023-07-18,79.63,79.92,78.66,79.51,379886
2023-07-19,79.88,79.88,78.52,79.34,560696
2023-07-20,78.66,79.14,76.74,77.14,418225
2023-07-21,78.04,78.27,76.73,77.87,759343
2023-07-24,77.68,78.75,77.18,77.4,442384
2023-07-25,77.59,78.88,77.59,78.57,295586
2023-07-26,77.7,78.99,77.61,78.18,425195
2023-07-27,79.45,81.15,79.03,79.45,496976
2023-07-28,80.6,81.81,79.81,81.54,407461
2023-07-31,81.43,82.66,80.59,80.8,317828
2023-08-01,80.2,81.9,79.98,81.25,459168
2023-08-02,80.35,80.56,78.98,80.26,524312
2023-08-03,79.26,81.01,78.54,79.86,863311
2023-08-04,83.73,84.65,81.01,82.55,1171725
2023-08-07,82.54,85.08,82.25,85.04,718115
2023-08-08,83.93,84.17,81.81,82.91,638075
2023-08-09,82.66,83.24,81.45,82.34,450514
2023-08-10,83.12,83.58,82.31,82.34,469809
2023-08-11,81.44,82.25,80.19,80.35,374951
2023-08-14,79.77,80.9,79.51,80.58,473425
2023-08-15,79.97,79.99,78.92,79.1,381777
2023-08-16,78.85,79.23,78.1,78.17,278329
2023-08-17,78.18,78.74,76.83,77.91,510890
2023-08-18,77.27,78.53,77.05,78.18,447851
2023-08-21,78.14,79.47,77.91,79.14,275699
2023-08-22,79.59,79.7,78.46,78.61,323729
2023-08-23,78.25,80.26,77.83,79.93,374578
2023-08-24,80.64,80.81,76.92,77.07,342128
2023-08-25,77.21,78.32,76.37,78.22,317865
2023-08-28,78.64,79.71,78.45,79.45,316624
2023-08-29,79.0,80.77,78.88,80.42,531685
2023-08-30,80.27,81.67,79.96,81.1,296680
2023-08-31,80.88,82.65,80.86,82.04,352555
2023-09-01,82.59,83.18,81.95,82.92,175374
2023-09-05,82.4,82.4,78.8,79.4,586788
2023-09-06,79.53,80.29,77.28,77.29,575539
2023-09-07,75.76,75.76,71.87,73.65,892048
2023-09-08,73.52,73.88,73.07,73.5,386537
2023-09-11,74.32,74.32,72.62,73.58,386765
2023-09-12,73.1,78.3,72.72,73.59,1428077
2023-09-13,74.05,74.47,72.09,72.18,521700
2023-09-14,73.14,73.74,72.48,73.4,486002
2023-09-15,73.09,73.64,72.54,73.17,1487024
2023-09-18,73.05,74.82,73.05,73.85,618792
2023-09-19,73.89,73.89,72.6,73.44,269332
2023-09-20,73.39,74.17,71.94,72.04,263421
2023-09-21,71.27,72.61,71.27,71.68,262519
2023-09-22,72.07,72.63,71.75,71.8,236485
2023-09-25,71.5,72.57,71.13,72.1,267987
2023-09-26,71.38,72.73,71.38,71.83,319276
2023-09-27,72.48,72.7,71.41,71.97,234781
2023-09-28,71.87,74.16,71.73,74.04,416804
2023-09-29,74.66,75.18,73.75,73.96,341448
2023-10-02,74.04,74.87,72.58,73.02,342764
2023-10-03,72.44,73.23,71.64,71.75,411952
2023-10-04,72.04,72.39,70.84,71.31,670598
2023-10-05,71.49,71.84,70.82,71.36,442543
2023-10-06,71.15,73.03,70.98,72.44,372891
2023-10-09,71.38,71.71,70.23,70.42,354703
2023-10-10,70.21,72.18,70.16,71.28,333720
2023-10-11,71.54,72.14,71.0,72.01,405683
2023-10-12,72.25,72.83,71.7,72.56,352175
2023-10-13,72.47,72.62,70.43,70.58,201415
2023-10-16,70.62,71.9,70.23,71.17,253774
2023-10-17,70.5,71.8,70.12,71.37,302953
2023-10-18,70.23,70.42,69.22,69.43,322376
2023-10-19,69.93,70.54,68.0,68.17,582299
2023-10-20,68.17,68.74,67.4,67.74,421728
2023-10-23,67.33,67.5,66.55,66.87,537534
2023-10-24,67.01,67.2,65.66,67.1,494462
2023-10-25,66.37,66.99,65.69,66.92,914262
2023-10-26,66.92,68.24,66.92,67.36,488162
2023-10-27,67.49,67.93,66.16,66.34,398337
2023-10-30,65.97,66.22,65.02,66.01,510548
2023-10-31,66.08,67.4,65.7,66.93,666315
2023-11-01,68.65,69.82,66.2,67.94,1145023
2023-11-02,69.47,70.61,68.21,70.37,972290
2023-11-03,68.0,70.73,65.08,70.56,1205134
2023-11-06,70.15,73.44,70.05,73.05,866023
2023-11-07,72.37,74.0,72.21,72.57,578055
2023-11-08,73.0,73.12,71.41,72.03,545116
2023-11-09,72.37,72.44,69.23,69.39,491416
2023-11-10,70.43,73.79,70.0,73.03,449525
2023-11-13,72.39,72.76,71.6,72.16,545209
2023-11-14,74.0,75.02,73.74,75.01,416708
2023-11-15,75.54,76.89,75.0,75.91,375532
2023-11-16,75.3,75.99,74.86,75.82,338128
2023-11-17,76.17,76.77,75.56,75.62,391692
2023-11-20,75.65,76.69,75.41,76.49,422972
2023-11-21,75.34,75.79,74.8,75.67,436365
2023-11-22,76.26,77.36,75.76,75.85,468296
2023-11-24,75.78,77.34,75.54,76.24,220096
2023-11-27,76.01,77.14,75.54,76.87,454830
2023-11-28,76.4,77.22,76.23,76.98,448547
2023-11-29,77.79,78.6,76.52,76.67,406922
2023-11-30,76.92,76.92,74.83,75.91,526318
2023-12-01,75.93,76.5,75.3,76.18,385732
2023-12-04,75.77,77.19,75.57,77.02,339059
2023-12-05,76.38,78.26,75.8,78.1,499485
2023-12-06,78.74,79.4,77.44,77.73,290438
2023-12-07,77.98,78.59,77.46,78.56,284243
2023-12-08,78.52,79.81,78.5,78.53,545389
